X,Y,osm_id,addr:housenumber,building,name,amenity,shop,man_made,building:levels,name:kn,addr:postcode,addr:city,addr:street,description,wikipedia,brand:wikidata,short_name,cuisine
77.5777895255905,13.0917871154171,370526891,#80,house,Deepanjali,,,,2,ದೀಪಾಂಜಲಿ,560065,bangalore,"3rd A main,4th A cross,someshwarnagar",,,,,
77.5780814805822,13.0919092996421,370526892,,yes,,,,,,,,,,,,,,
77.5798716415947,13.0920828995565,345947239,,yes,,,,,,,,,,,,,,
77.5797091578729,13.0922239002171,345947076,,yes,,,,,,,,,,,,,,
77.5798974667013,13.0921802506255,345947094,,yes,,,,,,,,,,,,,,
77.57981585,13.09219435,345947254,,yes,,,,,,,,,,,,,,
77.57960015,13.09227295,345947074,,yes,,,,,,,,,,,,,,
77.5794270355352,13.0925362496682,345947041,,yes,,,,,,,,,,,,,,
77.5795003041846,13.0924940500898,345947258,,yes,,,,,,,,,,,,,,
77.57956335,13.09260475,345947123,,yes,,,,,,,,,,,,,,
77.5796603140692,13.0924194503447,345947057,,yes,,,,,,,,,,,,,,
77.5797849,13.09236705,345947056,,yes,,,,,,,,,,,,,,
77.57964105,13.09255465,345947099,,yes,,,,,,,,,,,,,,
77.5797019436618,13.0925321998557,345947095,,yes,,,,,,,,,,,,,,
77.5798143546512,13.092481950234,345947081,,yes,,,,,,,,,,,,,,
77.5798952156109,13.0926104004416,345947043,,yes,,,,,,,,,,,,,,
77.5794856070207,13.0926505001755,345947161,,yes,,,,,,,,,,,,,,
77.579434,13.09284805,345947164,,yes,,,,,,,,,,,,,,
77.57935465,13.0929026,345947169,,yes,,,,,,,,,,,,,,
77.5797736834586,13.0926895992583,345947165,,yes,,,,,,,,,,,,,,
77.5798935845921,13.0927574495713,345947077,,yes,,,,,,,,,,,,,,
77.5798782,13.09293535,345940234,,yes,,,,,,,,,,,,,,
77.5783225394158,13.0935438932949,-6257087,,yes,,,,,,,,,,,,,,
77.578335453682,13.0939782997437,345940265,,yes,,,,,,,,,,,,,,
77.57853675,13.0939059,345940230,,yes,,,,,,,,,,,,,,
77.57832565,13.0941234,345940184,,yes,,,,,,,,,,,,,,
77.578428458005,13.0940724502462,345940197,,yes,,,,,,,,,,,,,,
77.5784922914201,13.0941487502799,345940188,,yes,,,,,,,,,,,,,,
77.57834795,13.0941908,345940288,,yes,,,,,,,,,,,,,,
77.5785425,13.09421285,345940291,,yes,,,,,,,,,,,,,,
77.5784727001534,13.09428204999,345940203,,yes,,,,,,,,,,,,,,
77.5791717072675,13.0931131502154,345947080,,yes,,,,,,,,,,,,,,
77.579254158196,13.0930683002036,345947190,,yes,,,,,,,,,,,,,,
77.5792132842464,13.0932503993948,345947225,,yes,,,,,,,,,,,,,,
77.5792436053312,13.0933260503668,345947122,,yes,,,,,,,,,,,,,,
77.5791946594038,13.0935198502821,345940249,,yes,,,,,,,,,,,,,,
77.579105753476,13.0935760003668,345940171,,yes,,,,,,,,,,,,,,
77.5792217652617,13.0936074005764,345940154,,yes,,,,,,,,,,,,,,
77.579344,13.0930169,345947186,,yes,,,,,,,,,,,,,,
77.57941605,13.0929726,345947092,,yes,,,,,,,,,,,,,,
77.57949805,13.0930929,345947062,,yes,,,,,,,,,,,,,,
77.5795738926763,13.0930695996864,345947228,,yes,,,,,,,,,,,,,,
77.57960905,13.09312175,345947247,,yes,,,,,,,,,,,,,,
77.5794149198088,13.0931777502666,345947213,,yes,,,,,,,,,,,,,,
77.57929015,13.0932537,345947150,,yes,,,,,,,,,,,,,,
77.5793941950239,13.0932513994722,345947128,,yes,,,,,,,,,,,,,,
77.5795241,13.0931546,345947153,,yes,,,,,,,,,,,,,,
77.5796074,13.0931717,345940239,,yes,,,,,,,,,,,,,,
77.5796424801463,13.0930565996231,345947261,,yes,,,,,,,,,,,,,,
77.5797936667468,13.0929855504207,345940252,,yes,,,,,,,,,,,,,,
77.5799168,13.09302525,345940156,,yes,,,,,,,,,,,,,,
77.57970895,13.0931966,345940257,,yes,,,,,,,,,,,,,,
77.5796286941066,13.093226099127,345940260,,yes,,,,,,,,,,,,,,
77.5797181944371,13.0932476994908,345940190,,yes,,,,,,,,,,,,,,
77.5797482555975,13.0932943003221,345940089,,yes,,,,,,,,,,,,,,
77.57983595,13.09313155,345940215,,yes,,,,,,,,,,,,,,
77.5798732051459,13.0932178010602,345940220,,yes,,,,,,,,,,,,,,
77.5794198672755,13.0933770504493,345940301,,yes,,,,,,,,,,,,,,
77.5792783440354,13.0934698494662,345940284,,yes,,,,,,,,,,,,,,
77.5793528013695,13.0934322007387,345940303,,yes,,,,,,,,,,,,,,
77.5794649654802,13.0933457503967,345940285,,yes,,,,,,,,,,,,,,
77.5795042875293,13.09343474942,345940295,,yes,,,,,,,,,,,,,,
77.579562589039,13.0933917497446,345940149,,yes,,,,,,,,,,,,,,
77.5793389157842,13.09354660111,345940170,,yes,,,,,,,,,,,,,,
77.5794109085822,13.0934936503056,345940134,,yes,,,,,,,,,,,,,,
77.57927115,13.09357305,345940231,,yes,,,,,,,,,,,,,,
77.5795943892788,13.0935459994538,345940162,,yes,,,,,,,,,,,,,,
77.5794782,13.09361585,345940313,,yes,,,,,,,,,,,,,,
77.57966985,13.09332735,345940115,,yes,,,,,,,,,,,,,,
77.5796847028555,13.0933841505339,345940132,,yes,,,,,,,,,,,,,,
77.57976355,13.0933514,345940208,,yes,,,,,,,,,,,,,,
77.5796959,13.0934419,345940130,,yes,,,,,,,,,,,,,,
77.5799397,13.09337085,345940287,,yes,,,,,,,,,,,,,,
77.579786746501,13.093400699574,345940150,,yes,,,,,,,,,,,,,,
77.5798056857004,13.0934561556346,345940152,,yes,,,,,,,,,,,,,,
77.57971205,13.09349435,345940286,,yes,,,,,,,,,,,,,,
77.5797482,13.0935385,345940304,,yes,,,,,,,,,,,,,,
77.57961955,13.09363585,345940283,,yes,,,,,,,,,,,,,,
77.57976115,13.0936213,345940164,,yes,,,,,,,,,,,,,,
77.5798467,13.09349135,345940102,,yes,,,,,,,,,,,,,,
77.5798525515104,13.093555199885,345940181,,yes,,,,,,,,,,,,,,
77.57987525,13.0935967,345940143,,yes,,,,,,,,,,,,,,
77.5786994171591,13.093751149929,345940308,,yes,,,,,,,,,,,,,,
77.57874535,13.09394445,345940226,,yes,,,,,,,,,,,,,,
77.579147644,13.0936479496821,345940187,,yes,,,,,,,,,,,,,,
77.5791670039411,13.0937933498061,345940229,,yes,,,,,,,,,,,,,,
77.57923165,13.0938727,345940167,,yes,,,,,,,,,,,,,,
77.57866465,13.09403465,345940244,,yes,,,,,,,,,,,,,,
77.5788720460168,13.0942367501693,345940248,,yes,,,,,,,,,,,,,,
77.5790937034563,13.094134250318,345940147,,yes,,,,,,,,,,,,,,
77.5791737073195,13.0940951005615,345940262,,yes,,,,,,,,,,,,,,
77.5792177634074,13.094133049093,345940128,,yes,,,,,,,,,,,,,,
77.578981489299,13.0941748006741,345940267,,yes,,,,,,,,,,,,,,
77.5792581000012,13.0941775499902,345940281,,yes,,,,,,,,,,,,,,
77.579208209952,13.0942591002571,345940210,,yes,,,,,,,,,,,,,,
77.5793861645074,13.0936308146621,345940312,,yes,,,,,,,,,,,,,,
77.57929005,13.0937422,345940157,,yes,,,,,,,,,,,,,,
77.5795093,13.09369775,345940176,,yes,,,,,,,,,,,,,,
77.5795562120058,13.0936717502553,345940095,,yes,,,,,,,,,,,,,,
77.5794605096789,13.0937343502654,345940299,,yes,,,,,,,,,,,,,,
77.5793368,13.0938218,345940243,,yes,,,,,,,,,,,,,,
77.5794683554192,13.0938847008844,345940247,,yes,,,,,,,,,,,,,,
77.5798368064348,13.0937289507491,345940159,,yes,,,,,,,,,,,,,,
77.5799189044733,13.0936971503358,345940158,,yes,,,,,,,,,,,,,,
77.5796899611127,13.0939695496081,345940198,,yes,,,,,,,,,,,,,,
77.579894408729,13.0939088997159,345940289,,yes,,,,,,,,,,,,,,
77.57994015,13.09397045,345926363,,yes,,,,,,,,,,,,,,
77.5793763,13.0941231,345940268,,yes,,,,,,,,,,,,,,
77.5794289381549,13.0941581502728,345940271,,yes,,,,,,,,,,,,,,
77.5794749929775,13.0940860497787,345940136,,yes,,,,,,,,,,,,,,
77.57930505,13.09421635,345940193,,yes,,,,,,,,,,,,,,
77.5793755,13.09429775,345940183,,yes,,,,,,,,,,,,,,
77.5794611884319,13.0942046002599,345940290,,yes,,,,,,,,,,,,,,
77.5795448,13.0941631,345940250,,yes,,,,,,,,,,,,,,
77.57960705,13.09420965,345940168,,yes,,,,,,,,,,,,,,
77.5794824206098,13.0942491923559,345940293,,yes,,,,,,,,,,,,,,
77.5795449882545,13.0942682502481,345940206,,yes,,,,,,,,,,,,,,
77.5796570471435,13.0940507002214,345940240,,yes,,,,,,,,,,,,,,
77.5797251408217,13.0940061004246,345940202,,yes,,,,,,,,,,,,,,
77.57976375,13.0940398,345940218,,yes,,,,,,,,,,,,,,
77.57968875,13.09410035,345940086,,yes,,,,,,,,,,,,,,
77.5797225478605,13.0941475495306,345940309,,yes,,,,,,,,,,,,,,
77.5798081,13.09407325,345940109,,yes,,,,,,,,,,,,,,
77.579846,13.09410455,345940292,,yes,,,,,,,,,,,,,,
77.5798979,13.0941372,345940111,,yes,,,,,,,,,,,,,,
77.5797593889374,13.0941863004252,345940172,,yes,,,,,,,,,,,,,,
77.5796517920352,13.094251600311,345940311,,yes,,,,,,,,,,,,,,
77.5796908503266,13.0942914999872,345926530,,yes,,,,,,,,,,,,,,
77.57981865,13.09420945,345940238,,yes,,,,,,,,,,,,,,
77.579956,13.0942288,345926508,,yes,,,,,,,,,,,,,,
77.5798558862956,13.0942619994106,345940241,,yes,,,,,,,,,,,,,,
77.5798824,13.09429965,345926513,,yes,,,,,,,,,,,,,,
77.5787242419933,13.0943737002294,345940216,,yes,,,,,,,,,,,,,,
77.5786397,13.09445685,345940259,,yes,,,,,,,,,,,,,,
77.5787563577055,13.0944262994695,345940305,,yes,,,,,,,,,,,,,,
77.578826393869,13.0944686002222,345940253,,yes,,,,,,,,,,,,,,
77.57869395,13.0945145,345940103,,yes,,,,,,,,,,,,,,
77.5787264,13.0945902,345940123,,yes,,,,,,,,,,,,,,
77.5788636496657,13.0945421000287,345940270,,yes,,,,,,,,,,,,,,
77.5787877893515,13.0946204002233,345940232,,yes,,,,,,,,,,,,,,
77.5789284520972,13.0943307004345,345940246,,yes,,,,,,,,,,,,,,
77.5790149799029,13.0943541001425,345940153,,yes,,,,,,,,,,,,,,
77.5790339330817,13.0944297501894,345940213,,yes,,,,,,,,,,,,,,
77.5791064505841,13.0943630500297,345940228,,yes,,,,,,,,,,,,,,
77.5791435,13.0944111,345940133,,yes,,,,,,,,,,,,,,
77.5789508,13.09461495,345940173,,yes,,,,,,,,,,,,,,
77.5788523890917,13.0947131497695,345940088,,yes,,,,,,,,,,,,,,
77.5790184,13.09470555,345940091,,yes,,,,,,,,,,,,,,
77.5789335047319,13.0947863997043,345940114,,yes,,,,,,,,,,,,,,
77.5789902630637,13.0948296997553,345940117,,yes,,,,,,,,,,,,,,
77.5791526923514,13.0948254497873,345940242,,yes,,,,,,,,,,,,,,
77.57905655,13.094885,345940131,,yes,,,,,,,,,,,,,,
77.5792218402481,13.0949059001767,345940177,,yes,,,,,,,,,,,,,,
77.5791114857244,13.0949401002399,345940263,,yes,,,,,,,,,,,,,,
77.579312199742,13.094353650106,345940166,,yes,,,,,,,,,,,,,,
77.5793549053651,13.0943970503982,345940169,,yes,,,,,,,,,,,,,,
77.5794139180558,13.0943342997344,345940186,,yes,,,,,,,,,,,,,,
77.5793006,13.09443035,345940185,,yes,,,,,,,,,,,,,,
77.5794134,13.09448555,345940105,,yes,,,,,,,,,,,,,,
77.5794449423071,13.0943751002629,345940201,,yes,,,,,,,,,,,,,,
77.5796119185389,13.0943416994695,345926398,,yes,,,,,,,,,,,,,,
77.5795064,13.09443805,345926453,,yes,,,,,,,,,,,,,,
77.5795633088438,13.0944958496982,345926334,,yes,,,,,,,,,,,,,,
77.5796584450678,13.0943863002959,345926326,,yes,,,,,,,,,,,,,,
77.5797259,13.09434575,345940224,,yes,,,,,,,,,,,,,,
77.5797728388198,13.0943722003673,345926503,,yes,,,,,,,,,,,,,,
77.5796895553069,13.0944518015909,345926475,,yes,,,,,,,,,,,,,,
77.5797199927247,13.0944223505884,345926402,,yes,,,,,,,,,,,,,,
77.5797276,13.0944722,345926478,,yes,,,,,,,,,,,,,,
77.57992165,13.0943425,345926430,,yes,,,,,,,,,,,,,,
77.5798326424941,13.0944290996574,345926500,,yes,,,,,,,,,,,,,,
77.57988325,13.0944929,345926483,,yes,,,,,,,,,,,,,,
77.579765,13.0945095,345926420,,yes,,,,,,,,,,,,,,
77.5798178936785,13.094550050287,345926488,,yes,,,,,,,,,,,,,,
77.57985585,13.0945932,345926333,,yes,,,,,,,,,,,,,,
77.57927165,13.09494875,345940179,,yes,,,,,,,,,,,,,,
77.5795724,13.0950099,345926389,,yes,,,,,,,,,,,,,,
77.57994425,13.0947254,345926462,,yes,,,,,,,,,,,,,,
77.5797349,13.09490805,345926375,,yes,,,,,,,,,,,,,,
77.5796320280418,13.094994399606,345926543,,yes,,,,,,,,,,,,,,
77.5797856004883,13.094859100008,345926465,,yes,,,,,,,,,,,,,,
77.5799274031872,13.0949142004711,345926370,,yes,,,,,,,,,,,,,,
77.5797983107107,13.0950139002563,345926442,,yes,,,,,,,,,,,,,,
77.5791942,13.09504115,345940100,,yes,,,,,,,,,,,,,,
77.5793692110425,13.0950603997701,345926349,,yes,,,,,,,,,,,,,,
77.5792906881705,13.0951522502029,345926345,,yes,,,,,,,,,,,,,,
77.5794229585204,13.0951125998137,345926499,,yes,,,,,,,,,,,,,,
77.5794649249584,13.0951659004825,345926414,,yes,,,,,,,,,,,,,,
77.579328643857,13.0952114002405,345926294,,yes,,,,,,,,,,,,,,
77.5793833889308,13.0952575001793,345926434,,yes,,,,,,,,,,,,,,
77.57944095,13.0953017,345926456,,yes,,,,,,,,,,,,,,
77.5795174903083,13.09521405026,345926366,,yes,,,,,,,,,,,,,,
77.5795749,13.0952733,345926436,,yes,,,,,,,,,,,,,,
77.5794974,13.09535065,345926452,,yes,,,,,,,,,,,,,,
77.57974,13.0950714,345926440,,yes,,,,,,,,,,,,,,
77.5796673295921,13.0951276005098,345926532,,yes,,,,,,,,,,,,,,
77.5798937,13.0953292,345926417,,yes,,,,,,,,,,,,,,
77.57980254965,13.0954096499818,345926438,,yes,,,,,,,,,,,,,,
77.5799390468017,13.0954615500711,345926538,,yes,,,,,,,,,,,,,,
77.579664299107,13.0955420001857,345926335,,yes,,,,,,,,,,,,,,
77.5797704488134,13.0956261502207,345926455,,yes,,,,,,,,,,,,,,
77.5810428993629,13.0914799267724,345947272,,yes,,,,,,,,,,,,,,
77.5810159530104,13.0915736500686,345947222,,yes,,,,,,,,,,,,,,
77.5813226791898,13.0914880996858,345947253,,yes,,,,,,,,,,,,,,
77.5812378074692,13.0915104001407,345947168,,yes,,,,,,,,,,,,,,
77.5814654110452,13.091497700476,345947236,,yes,,,,,,,,,,,,,,
77.581663817406,13.0914975503873,345954282,,yes,,,,,,,,,,,,,,
77.58178725,13.0914674,345954370,,yes,,,,,,,,,,,,,,
77.5818348,13.0915821,345954252,,yes,,,,,,,,,,,,,,
77.58194515,13.0914923,345954377,,yes,,,,,,,,,,,,,,
77.5819997468432,13.0915609496804,345954378,,yes,,,,,,,,,,,,,,
77.5821339,13.09149475,345954338,,yes,,,,,,,,,,,,,,
77.5820726,13.09152155,345954281,,yes,,,,,,,,,,,,,,
77.5825882880269,13.0915194989218,345947131,,yes,,,,,,,,,,,,,,
77.5803079,13.09192015,345947209,,yes,,,,,,,,,,,,,,
77.5806167121602,13.0919143507339,345947070,,yes,,,,,,,,,,,,,,
77.5799764,13.0920429,345947033,,yes,,,,,,,,,,,,,,
77.5801677653476,13.0919710506215,345947046,,yes,,,,,,,,,,,,,,
77.5800193,13.0921343,345947115,,yes,,,,,,,,,,,,,,
77.5803696,13.09201005,345947103,,yes,,,,,,,,,,,,,,
77.5804652900879,13.0919676996762,345947036,,yes,,,,,,,,,,,,,,
77.5806320456274,13.0920779998289,345947090,,yes,,,,,,,,,,,,,,
77.5806923741173,13.0916604005852,345947226,,yes,,,,,,,,,,,,,,
77.5806681071788,13.0917481883127,345947270,,yes,,,,,,,,,,,,,,
77.580922149161,13.091689249972,345947193,,yes,,,,,,,,,,,,,,
77.5808790765216,13.0917896491828,345947155,,yes,,,,,,,,,,,,,,
77.5808145803406,13.0918846993278,345947159,,yes,,,,,,,,,,,,,,
77.58114445,13.09165495,345947147,,yes,,,,,,,,,,,,,,
77.58114935,13.0916948,345947151,,yes,,,,,,,,,,,,,,
77.5811711538275,13.091746900207,345947117,,yes,,,,,,,,,,,,,,
77.5812863,13.09172875,345947170,,yes,,,,,,,,,,,,,,
77.5810157,13.0917753,345947240,,yes,,,,,,,,,,,,,,
77.5809987298955,13.091860949393,345947243,,yes,,,,,,,,,,,,,,
77.5811289657236,13.0918545803331,345947274,,yes,,,,,,,,,,,,,,
77.58064615,13.0919843,345947200,,yes,,,,,,,,,,,,,,
77.58076355,13.0921148,345947038,,yes,,,,,,,,,,,,,,
77.58074195,13.0922692,345947083,,yes,,,,,,,,,,,,,,
77.5808466,13.09225235,345947212,,yes,,,,,,,,,,,,,,
77.5809751,13.09221405,345947130,,yes,,,,,,,,,,,,,,
77.5809200760843,13.0922437494934,345947108,,yes,,,,,,,,,,,,,,
77.58109065,13.0919793,345947203,,yes,,,,,,,,,,,,,,
77.5812179449045,13.0919627498428,345947059,,yes,,,,,,,,,,,,,,
77.5813123712668,13.0920484009001,345947242,,yes,,,,,,,,,,,,,,
77.58103145,13.09222435,345947133,,yes,,,,,,,,,,,,,,
77.58110935,13.0922098,345947053,,yes,,,,,,,,,,,,,,
77.58126815,13.0921758,345947177,,yes,,,,,,,,,,,,,,
77.5811793,13.0922011,345947158,,yes,,,,,,,,,,,,,,
77.581270279277,13.0922680987946,345947260,,yes,,,,,,,,,,,,,,
77.5799821949172,13.0925499492853,345947140,,yes,,,,,,,,,,,,,,
77.5801345089978,13.092459600205,345947137,,yes,,,,,,,,,,,,,,
77.5802047577031,13.0925858501289,345947113,,yes,,,,,,,,,,,,,,
77.58028705,13.09253935,345947219,,yes,,,,,,,,,,,,,,
77.5803255923698,13.0923441497628,345947265,,yes,,,,,,,,,,,,,,
77.58050785,13.09230435,345947180,,yes,,,,,,,,,,,,,,
77.5805843,13.0924006,345947040,,yes,,,,,,,,,,,,,,
77.5804322697807,13.0924955003736,345947054,,yes,,,,,,,,,,,,,,
77.58051225,13.09245455,345947198,,yes,,,,,,,,,,,,,,
77.5806074418841,13.0926105997313,345940127,,yes,,,,,,,,,,,,,,
77.5800513612598,13.092671750207,345947058,,yes,,,,,,,,,,,,,,
77.5799803892074,13.092709299778,345947187,,yes,,,,,,,,,,,,,,
77.58022035,13.09277665,345940273,,yes,,,,,,,,,,,,,,
77.5799972890713,13.0928881497907,345940236,,yes,,,,,,,,,,,,,,
77.580129365123,13.0928123504488,345940255,,yes,,,,,,,,,,,,,,
77.580210513995,13.0929059504819,345940174,,yes,,,,,,,,,,,,,,
77.580325695055,13.0927348997162,345940108,,yes,,,,,,,,,,,,,,
77.5805106425132,13.0926582997961,345940141,,yes,,,,,,,,,,,,,,
77.5806064367615,13.0927306495151,345940145,,yes,,,,,,,,,,,,,,
77.5804195640012,13.0928115506386,345940204,,yes,,,,,,,,,,,,,,
77.5805418,13.09294595,345940297,,yes,,,,,,,,,,,,,,
77.5808982537843,13.0923482501903,345947068,,yes,,,,,,,,,,,,,,
77.5809697,13.0922716,345947106,,yes,,,,,,,,,,,,,,
77.58069,13.0925761,345940125,,yes,,,,,,,,,,,,,,
77.5808524,13.0924611,345947072,,yes,,,,,,,,,,,,,,
77.5808804,13.0925922,345947210,,yes,,,,,,,,,,,,,,
77.5809719,13.0925906,345947060,,yes,,,,,,,,,,,,,,
77.5811256,13.09229595,345947039,,yes,,,,,,,,,,,,,,
77.5810841,13.09239395,345947089,,yes,,,,,,,,,,,,,,
77.5811963044573,13.0922768002786,345947154,,yes,,,,,,,,,,,,,,
77.58123385,13.09234245,345947051,,yes,,,,,,,,,,,,,,
77.581171,13.09236365,345947104,,yes,,,,,,,,,,,,,,
77.5811009977723,13.0925109996159,345947118,,yes,,,,,,,,,,,,,,
77.5812231875871,13.0925109997318,345947152,,yes,,,,,,,,,,,,,,
77.5812995202774,13.0924742503935,345947149,,yes,,,,,,,,,,,,,,
77.5806718,13.0926969,345940280,,yes,,,,,,,,,,,,,,
77.5807393913004,13.0926761998145,345940161,,yes,,,,,,,,,,,,,,
77.58092645,13.0927679,345940104,,yes,,,,,,,,,,,,,,
77.5809798896483,13.0928585493,345940233,,yes,,,,,,,,,,,,,,
77.5808606,13.0929167,345940192,,yes,,,,,,,,,,,,,,
77.5810271,13.0926924,345940217,,yes,,,,,,,,,,,,,,
77.5810708296264,13.0926859839578,345940314,,yes,,,,,,,,,,,,,,
77.5813219439492,13.0927588998769,345940180,,yes,,,,,,,,,,,,,,
77.5810239077407,13.0929336002472,345940225,,yes,,,,,,,,,,,,,,
77.58124165,13.092787,345940101,,yes,,,,,,,,,,,,,,
77.58131985,13.0928644,345947183,,yes,,,,,,,,,,,,,,
77.5812664,13.0928742,345947071,,yes,,,,,,,,,,,,,,
77.5813986637381,13.0916214006346,345947144,,yes,,,,,,,,,,,,,,
77.58146215,13.0917441,345947171,,yes,,,,,,,,,,,,,,
77.581513,13.0915901,345947237,,yes,,,,,,,,,,,,,,
77.58154545,13.0916717,345947085,,yes,,,,,,,,,,,,,,
77.5813425,13.0918028,345947215,,yes,,,,,,,,,,,,,,
77.5814201265224,13.0917868006228,345947064,,yes,,,,,,,,,,,,,,
77.58145035,13.0919233,345947044,,yes,,,,,,,,,,,,,,
77.58156315,13.09189135,345947042,,yes,,,,,,,,,,,,,,
77.58160995,13.091865,345947078,,yes,,,,,,,,,,,,,,
77.5816608728892,13.0918695992231,345947267,,yes,,,,,,,,,,,,,,
77.5817220650022,13.091616050593,345954253,,yes,,,,,,,,,,,,,,
77.5818860992039,13.0916366969512,345954397,,yes,,,,,,,,,,,,,,
77.5818211,13.0919183,345954332,,yes,,,,,,,,,,,,,,
77.5819784277397,13.091816649218,345947162,,yes,,,,,,,,,,,,,,
77.5818843,13.09188465,345954343,,yes,,,,,,,,,,,,,,
77.5813347,13.0919411,345947223,,yes,,,,,,,,,,,,,,
77.5814958101468,13.0920045505729,345947256,,yes,,,,,,,,,,,,,,
77.5813583051193,13.0920472001551,345947241,,yes,,,,,,,,,,,,,,
77.5816642375654,13.09196714958,345947259,,yes,,,,,,,,,,,,,,
77.58140442058,13.0921642505882,345947173,,yes,,,,,,,,,,,,,,
77.58163025,13.0921173,345947181,,yes,,,,,,,,,,,,,,
77.5815401797327,13.0922608495676,345947199,,yes,,,,,,,,,,,,,,
77.58162825,13.0922376,345947184,,yes,,,,,,,,,,,,,,
77.5818436,13.09198455,345954287,,yes,,,,,,,,,,,,,,
77.5817504428548,13.0920950998269,345947087,,yes,,,,,,,,,,,,,,
77.581940751974,13.092018950237,345954295,,yes,,,,,,,,,,,,,,
77.5817517473737,13.0922082997755,345947221,,yes,,,,,,,,,,,,,,
77.5819784299254,13.0921837494995,345947252,,yes,,,,,,,,,,,,,,
77.5821559652545,13.0916559505334,345947232,,yes,,,,,,,,,,,,,,
77.58206025,13.0916837,345947246,,yes,,,,,,,,,,,,,,
77.5823187089269,13.0917473506196,345947211,,yes,,,,,,,,,,,,,,
77.582074451828,13.0917731004722,345947248,,yes,,,,,,,,,,,,,,
77.5821289924562,13.0918363497891,345947192,,yes,,,,,,,,,,,,,,
77.5820303824762,13.0919095495306,345947266,,yes,,,,,,,,,,,,,,
77.5822185,13.09181745,345947045,,yes,,,,,,,,,,,,,,
77.5823742,13.09161765,345947227,,yes,,,,,,,,,,,,,,
77.5824313,13.09168095,345947231,,yes,,,,,,,,,,,,,,
77.582536,13.0916119,345947214,,yes,,,,,,,,,,,,,,
77.5823294072255,13.0920614501659,345947250,,yes,,,,,,,,,,,,,,
77.5820470449446,13.092144049762,345947082,,yes,,,,,,,,,,,,,,
77.5821031,13.09224265,345947208,,yes,,,,,,,,,,,,,,
77.5822585877135,13.092135994039,345947271,,yes,,,,,,,,,,,,,,
77.5822420520414,13.0922159873812,345947273,,yes,,,,,,,,,,,,,,
77.5825448642631,13.0921115002097,345947202,,yes,,,,,,,,,,,,,,
77.58135745,13.0923022,345947052,,yes,,,,,,,,,,,,,,
77.58154365,13.0924203,345947217,,yes,,,,,,,,,,,,,,
77.5816220443473,13.09240079989,345947234,,yes,,,,,,,,,,,,,,
77.5813918,13.0924541,345947124,,yes,,,,,,,,,,,,,,
77.5813390929132,13.0925959498402,345947172,,yes,,,,,,,,,,,,,,
77.5814180201037,13.0925638004245,345947050,,yes,,,,,,,,,,,,,,
77.5815626449503,13.092546249868,345947066,,yes,,,,,,,,,,,,,,
77.5817109,13.09237115,345947067,,yes,,,,,,,,,,,,,,
77.5818756,13.092348,345947114,,yes,,,,,,,,,,,,,,
77.5817533934073,13.0924766998603,345947233,,yes,,,,,,,,,,,,,,
77.58140215,13.09274045,345940302,,yes,,,,,,,,,,,,,,
77.58163875,13.0926803,345947157,,yes,,,,,,,,,,,,,,
77.5816637043885,13.09276124975,345947160,,yes,,,,,,,,,,,,,,
77.5813626441042,13.0928485996355,345947055,,yes,,,,,,,,,,,,,,
77.58133105,13.0929535,345947091,,yes,,,,,,,,,,,,,,
77.581387,13.09293315,345947201,,yes,,,,,,,,,,,,,,
77.5817585130343,13.0926138007089,345947135,,yes,,,,,,,,,,,,,,
77.58198105,13.0927855,345926472,,yes,,,,,,,,,,,,,,
77.5819589127319,13.0929240006259,345926380,,yes,,,,,,,,,,,,,,
77.5820166103391,13.0922880502116,345947101,,yes,,,,,,,,,,,,,,
77.5820723636943,13.092399400554,345947257,,yes,,,,,,,,,,,,,,
77.5823384,13.09267135,345926310,,yes,,,,,,,,,,,,,,
77.5822343,13.09270575,345926406,,yes,,,,,,,,,,,,,,
77.582060589453,13.0928803997132,345926493,,yes,,,,,,,,,,,,,,
77.5823065857451,13.092790349019,345926344,,yes,,,,,,,,,,,,,,
77.5824324959477,13.0927521497193,345926348,,yes,,,,,,,,,,,,,,
77.58245375,13.09286325,345926496,,yes,,,,,,,,,,,,,,
77.5828866111316,13.0915115002045,345947262,,yes,,,,,,,,,,,,,,
77.58326235,13.09154235,345947079,,yes,,,,,,,,,,,,,,
77.5835078681794,13.0915627998277,345947189,,yes,,,,,,,,,,,,,,
77.5829700343081,13.0917299496625,345947224,,yes,,,,,,,,,,,,,,
77.5828516915968,13.0917672498711,345947125,,yes,,,,,,,,,,,,,,
77.5827427855825,13.0918263279694,345947275,,yes,,,,,,,,,,,,,,
77.5829447601225,13.0918578999588,345947120,,yes,,,,,,,,,,,,,,
77.5830668331903,13.0916983496526,345947096,,yes,,,,,,,,,,,,,,
77.5832753487842,13.0916077989662,345947205,,yes,,,,,,,,,,,,,,
77.5832199081185,13.0917392505068,345947264,,yes,,,,,,,,,,,,,,
77.58312175,13.09178965,345947178,,yes,,,,,,,,,,,,,,
77.58278275,13.0922325,345947035,,yes,,,,,,,,,,,,,,
77.5832045381554,13.0920063489126,345947037,,yes,,,,,,,,,,,,,,
77.5833228186237,13.0919831502834,345947049,,yes,,,,,,,,,,,,,,
77.58340075,13.09162115,345947185,,yes,,,,,,,,,,,,,,
77.5834456345644,13.0916950995921,345947073,,yes,,,,,,,,,,,,,,
77.5836691110885,13.0918892014193,345947167,,yes,,,,,,,,,,,,,,
77.5835484024671,13.0919891499134,345947194,,yes,,,,,,,,,,,,,,
77.5834735692209,13.0920902003429,345947065,,yes,,,,,,,,,,,,,,
77.58358205,13.09206615,345947216,,yes,,,,,,,,,,,,,,
77.5827438469603,13.0924472997515,345926356,,yes,,,,,,,,,,,,,,
77.5827895545276,13.0925150002646,345926372,,yes,,,,,,,,,,,,,,
77.5831623718212,13.0924546991444,345926418,,yes,,,,,,,,,,,,,,
77.5830460739056,13.0925354495621,345926443,,yes,,,,,,,,,,,,,,
77.5831967,13.0925864,345926305,,yes,,,,,,,,,,,,,,
77.5833381823888,13.0925035946625,345926547,,yes,,,,,,,,,,,,,,
77.5827557762582,13.0926362498251,345926374,,yes,,,,,,,,,,,,,,
77.5831406125729,13.0929026508315,345926432,,yes,,,,,,,,,,,,,,
77.5832848126351,13.0928714007841,345926350,,yes,,,,,,,,,,,,,,
77.58371065,13.09242955,345926390,,yes,,,,,,,,,,,,,,
77.5835285,13.0927572,345926473,,yes,,,,,,,,,,,,,,
77.5837133392746,13.0927733988636,345926381,,yes,,,,,,,,,,,,,,
77.5834151978799,13.0928673496919,345926450,,yes,,,,,,,,,,,,,,
77.58362435,13.09295115,345926384,,yes,,,,,,,,,,,,,,
77.58373255,13.0928763,345926400,,yes,,,,,,,,,,,,,,
77.5838319206919,13.0927164504014,345926416,,yes,,,,,,,,,,,,,,
77.5838605241944,13.0928664995005,345926320,,yes,,,,,,,,,,,,,,
77.58540425,13.0926001,345926506,,yes,,,,,,,,,,,,,,
77.5849045525081,13.0926714590822,366918889,,yes,,,,,,,,,,,,,,
77.58530035,13.09261825,345926531,,yes,,,,,,,,,,,,,,
77.5800966063286,13.0929598501605,345940251,,yes,,,,,,,,,,,,,,
77.5800956,13.09311485,345940264,,yes,,,,,,,,,,,,,,
77.5802623728471,13.0930335992192,345940165,,yes,,,,,,,,,,,,,,
77.5802146807809,13.0931039494863,345940245,,yes,,,,,,,,,,,,,,
77.5799723933301,13.093203199855,345940140,,yes,,,,,,,,,,,,,,
77.5801447,13.0931615,345940182,,yes,,,,,,,,,,,,,,
77.5802596932946,13.0931789996095,345940144,,yes,,,,,,,,,,,,,,
77.5801776,13.09321755,345940258,,yes,,,,,,,,,,,,,,
77.580217946096,13.0932590501358,345940237,,yes,,,,,,,,,,,,,,
77.5803513210381,13.0930173503984,345940098,,yes,,,,,,,,,,,,,,
77.5804142917095,13.0929957498373,345940094,,yes,,,,,,,,,,,,,,
77.5803017604001,13.0931004504949,345940118,,yes,,,,,,,,,,,,,,
77.5804143860807,13.0931091994444,345940272,,yes,,,,,,,,,,,,,,
77.5804776,13.09297615,345940175,,yes,,,,,,,,,,,,,,
77.5806392426051,13.0930120991496,345940274,,yes,,,,,,,,,,,,,,
77.5803122590112,13.0932375998472,345940279,,yes,,,,,,,,,,,,,,
77.5803221579444,13.0932893509075,345940296,,yes,,,,,,,,,,,,,,
77.5805869559489,13.0931724502211,345940160,,yes,,,,,,,,,,,,,,
77.580497,13.09325735,345940122,,yes,,,,,,,,,,,,,,
77.5800407,13.09332625,345940200,,yes,,,,,,,,,,,,,,
77.5799702,13.09341945,345940196,,yes,,,,,,,,,,,,,,
77.5800804485742,13.0934358500993,345940310,,yes,,,,,,,,,,,,,,
77.5802132,13.09330845,345940126,,yes,,,,,,,,,,,,,,
77.5802288,13.0933741,345940298,,yes,,,,,,,,,,,,,,
77.5802989,13.09341105,345940106,,yes,,,,,,,,,,,,,,
77.5800908431604,13.0934858985533,345940307,,yes,,,,,,,,,,,,,,
77.5800560811113,13.0935598491082,345940107,,yes,,,,,,,,,,,,,,
77.5802875,13.0934802,345940235,,yes,,,,,,,,,,,,,,
77.58028255,13.093546,345940124,,yes,,,,,,,,,,,,,,
77.5801419042134,13.0935938003079,345940110,,yes,,,,,,,,,,,,,,
77.5803603,13.09332805,345940282,,yes,,,,,,,,,,,,,,
77.5803716033001,13.0933807503723,345940222,,yes,,,,,,,,,,,,,,
77.5806296066404,13.0933865502825,345940138,,yes,,,,,,,,,,,,,,
77.5805658301077,13.0934600997036,345940269,,yes,,,,,,,,,,,,,,
77.5804046,13.0934791,345940256,,yes,,,,,,,,,,,,,,
77.5803323437434,13.0935726489075,345940254,,yes,,,,,,,,,,,,,,
77.58076055,13.09295935,345940294,,yes,,,,,,,,,,,,,,
77.5807870959795,13.0930984997144,345940300,,yes,,,,,,,,,,,,,,
77.58068215,13.09313675,345940163,,yes,,,,,,,,,,,,,,
77.580742,13.0932014,345940097,,yes,,,,,,,,,,,,,,
77.5806740425137,13.0932353997346,345940195,,yes,,,,,,,,,,,,,,
77.5808163,13.0931769,345940178,,yes,,,,,,,,,,,,,,
77.5809636046569,13.0932671001486,345940223,,yes,,,,,,,,,,,,,,
77.58107065,13.0930107,345940148,,yes,,,,,,,,,,,,,,
77.58098605,13.0930908,345940121,,yes,,,,,,,,,,,,,,
77.5811602935503,13.0929726493757,345940092,,yes,,,,,,,,,,,,,,
77.5812849,13.0929698,345947093,,yes,,,,,,,,,,,,,,
77.5811738,13.0930698,345940212,,yes,,,,,,,,,,,,,,
77.5810490281663,13.0932393995368,345940219,,yes,,,,,,,,,,,,,,
77.58076315,13.0933371,345940199,,yes,,,,,,,,,,,,,,
77.580667724191,13.0934631009057,345940135,,yes,,,,,,,,,,,,,,
77.5807728640446,13.0934281998351,345940155,,yes,,,,,,,,,,,,,,
77.5809015983171,13.0933911986161,345940306,,yes,,,,,,,,,,,,,,
77.5807864459262,13.0936133996413,345926501,,yes,,,,,,,,,,,,,,
77.5809745427348,13.0935183354564,345926527,,yes,,,,,,,,,,,,,,
77.5808827109034,13.093569849809,345926526,,yes,,,,,,,,,,,,,,
77.5813083474764,13.0933248148181,345926536,,yes,,,,,,,,,,,,,,
77.5810918,13.0935597,345926354,,yes,,,,,,,,,,,,,,
77.5812337918396,13.0934847997236,345926336,,yes,,,,,,,,,,,,,,
77.58130535,13.09355025,345926502,,yes,,,,,,,,,,,,,,
77.5811889836879,13.0936072493548,345926477,,yes,,,,,,,,,,,,,,
77.5801974950841,13.0939214497207,345926377,,yes,,,,,,,,,,,,,,
77.58040895,13.0938049,345926298,,yes,,,,,,,,,,,,,,
77.5804728804588,13.0939395846475,345926535,,yes,,,,,,,,,,,,,,
77.5799895997093,13.0940189000529,345926517,,yes,,,,,,,,,,,,,,
77.5801863032531,13.0941447005081,345926491,,yes,,,,,,,,,,,,,,
77.5799788,13.09427495,345926411,,yes,,,,,,,,,,,,,,
77.58001855,13.09431105,345926449,,yes,,,,,,,,,,,,,,
77.5802133026559,13.0943181577479,345926537,,yes,,,,,,,,,,,,,,
77.5803529938957,13.0941397498566,345926295,,yes,,,,,,,,,,,,,,
77.580559400515,13.0940186502693,345926459,,yes,,,,,,,,,,,,,,
77.5806030479457,13.0940983500947,345926291,,yes,,,,,,,,,,,,,,
77.5808569,13.09368125,345926437,,yes,,,,,,,,,,,,,,
77.5809572301624,13.0936752496443,345926337,,yes,,,,,,,,,,,,,,
77.5807500012754,13.093835051979,345926314,,yes,,,,,,,,,,,,,,
77.5807399,13.0939075,345926318,,yes,,,,,,,,,,,,,,
77.5809819,13.09390615,345926433,,yes,,,,,,,,,,,,,,
77.5810215861223,13.093780899661,345926353,,yes,,,,,,,,,,,,,,
77.5811343877629,13.0937651995654,345926466,,yes,,,,,,,,,,,,,,
77.5811976070703,13.093729050171,345926304,,yes,,,,,,,,,,,,,,
77.5812561419807,13.0937736001032,345926322,,yes,,,,,,,,,,,,,,
77.5810193,13.0939592,345926415,,yes,,,,,,,,,,,,,,
77.5810748,13.09391,345926447,,yes,,,,,,,,,,,,,,
77.581108745133,13.0939825500871,345926397,,yes,,,,,,,,,,,,,,
77.581178899554,13.0938398495304,345926321,,yes,,,,,,,,,,,,,,
77.5812891,13.09387815,345926340,,yes,,,,,,,,,,,,,,
77.5813183,13.09394305,345926485,,yes,,,,,,,,,,,,,,
77.58124565,13.0939856,345926301,,yes,,,,,,,,,,,,,,
77.580774917179,13.0940128997794,345926410,,yes,,,,,,,,,,,,,,
77.5808104019558,13.094110000288,345926386,,yes,,,,,,,,,,,,,,
77.580657646818,13.0941937995337,345926426,,yes,,,,,,,,,,,,,,
77.5807185372854,13.0943230373529,345926542,,yes,Dr. Agarwal Eye Hospital,hospital,,,,,,,,,,,,
77.5809117186119,13.094149706843,345926541,,yes,,,,,,,,,,,,,,
77.5811338,13.0940586,345926317,,yes,,,,,,,,,,,,,,
77.5812889433328,13.0942816498217,345908971,,yes,,,,,,,,,,,,,,
77.5815839040315,13.0930907002883,345926421,,yes,,,,,,,,,,,,,,
77.581670116443,13.0930527005852,345926376,,yes,,,,,,,,,,,,,,
77.58148405,13.09320105,345926391,,yes,,,,,,,,,,,,,,
77.5816409,13.0931585,345926311,,yes,,,,,,,,,,,,,,
77.5815283900935,13.0932306983182,345926481,,yes,,,,,,,,,,,,,,
77.58173605,13.0930254,345926290,,yes,,,,,,,,,,,,,,
77.58181645,13.0929784,345926446,,yes,,,,,,,,,,,,,,
77.58171915,13.0931234,345926507,,yes,,,,,,,,,,,,,,
77.5817932,13.0930963,345926360,,yes,,,,,,,,,,,,,,
77.58188145,13.0929593,345926329,,yes,,,,,,,,,,,,,,
77.5818451718443,13.0930773990241,345926404,,yes,,,,,,,,,,,,,,
77.5819191353961,13.0930435993548,345926383,,yes,,,,,,,,,,,,,,
77.58169465,13.09328195,345926393,,yes,,,,,,,,,,,,,,
77.58149185,13.09332915,345926511,,yes,,,,,,,,,,,,,,
77.5813367016428,13.093431800967,345926371,,yes,,,,,,,,,,,,,,
77.58146465,13.09342575,345926358,,yes,,,,,,,,,,,,,,
77.58159445,13.09342605,345926533,,yes,,,,,,,,,,,,,,
77.5816218656656,13.0935182003812,345926303,,yes,,,,,,,,,,,,,,
77.5815231,13.0935754,345926529,,yes,,,,,,,,,,,,,,
77.5817541338126,13.093599499351,345926396,,yes,,,,,,,,,,,,,,
77.5818558,13.09354205,345926331,,yes,,,,,,,,,,,,,,
77.581991945288,13.0934801497832,345926409,,yes,,,,,,,,,,,,,,
77.5818805431281,13.0936199624139,345926405,,yes,,,,,,,,,,,,,,
77.58207195,13.09297055,345926469,,yes,,,,,,,,,,,,,,
77.5821272489678,13.0930307488532,345926346,,yes,,,,,,,,,,,,,,
77.5820315538398,13.0930842003858,345926448,,yes,,,,,,,,,,,,,,
77.5821531628514,13.0931048506577,345926368,,yes,,,,,,,,,,,,,,
77.5821575491909,13.0931808495494,345926365,,yes,,,,,,,,,,,,,,
77.5821312960091,13.0932809996532,345926379,,yes,,,,,,,,,,,,,,
77.5825868,13.09304335,345926306,,yes,,,,,,,,,,,,,,
77.5826505056123,13.093213000097,345926324,,yes,,,,,,,,,,,,,,
77.5825435,13.0932815,345926327,,yes,,,,,,,,,,,,,,
77.5821605990281,13.0933454985644,345926382,,yes,,,,,,,,,,,,,,
77.5821276185733,13.0935249004669,345926428,,yes,,,,,,,,,,,,,,
77.582654379045,13.0936319497439,345926403,,yes,,,,,,,,,,,,,,
77.58156285,13.09368275,345926307,,yes,,,,,,,,,,,,,,
77.5816504428665,13.0937238996647,345926445,,yes,,,,,,,,,,,,,,
77.5816044575969,13.0937423003806,345926325,,yes,,,,,,,,,,,,,,
77.58161935,13.09379385,345926341,,yes,,,,,,,,,,,,,,
77.58166265,13.0937798,345926467,,yes,,,,,,,,,,,,,,
77.5818118,13.0939793,345908998,,yes,,,,,,,,,,,,,,
77.5819524410279,13.0938851496021,345908977,,yes,,,,,,,,,,,,,,
77.58186465,13.09395035,345909009,,yes,,,,,,,,,,,,,,
77.5814943264903,13.0941489552698,345908981,,yes,Levis Store,,clothes,,,,,,,,,,,
77.5815457,13.0941199,366918876,,yes,Adidas,,sports,,,ಅಡಿಡಾಸ್,,,,,,,,
77.5813666971232,13.094177299615,345926435,,yes,,,,,,,,,,,,,,
77.5813980777923,13.094262506741,345909052,,yes,,,,,,,,,,,,,,
77.5814756,13.09429015,345908942,,yes,,,,,,,,,,,,,,
77.5816263574344,13.0942287502199,345909028,,yes,,,,,,,,,,,,,,
77.5817435602087,13.0940546506993,345909013,,yes,,,,,,,,,,,,,,
77.5817665753285,13.0941504994026,345908983,,yes,,,,,,,,,,,,,,
77.5819307925947,13.0940592498045,345909032,,yes,,,,,,,,,,,,,,
77.5818540343647,13.0941042496005,345908948,,yes,,,,,,,,,,,,,,
77.58171355,13.0942076,345909006,,yes,,,,,,,,,,,,,,
77.5820133811056,13.0942231496716,345909010,,yes,,,,,,,,,,,,,,
77.5818592,13.0942922,345909017,,yes,,,,,,,,,,,,,,
77.58194345,13.09426915,345908984,,yes,,,,,,,,,,,,,,
77.58216105,13.09379115,345902875,,yes,,,,,,,,,,,,,,
77.5822159028056,13.0938878506713,345902917,,yes,,,,,,,,,,,,,,
77.5822557060542,13.0940047005433,345902964,,yes,,,,,,,,,,,,,,
77.5823083473597,13.0941162997373,345902896,,yes,,,,,,,,,,,,,,
77.58209055,13.0941969,345909033,,yes,,,,,,,,,,,,,,
77.5821430050117,13.0942732502817,345908954,,yes,,,,,,,,,,,,,,
77.5824920985875,13.0940652000504,345902943,,yes,,,,,,,,,,,,,,
77.5825292018806,13.0941736005964,345903004,,yes,,,,,,,,,,,,,,
77.5799561,13.09437915,345926313,,yes,,,,,,,,,,,,,,
77.5799862608295,13.0944127996314,345926292,,yes,,,,,,,,,,,,,,
77.5800681809968,13.0943417502176,345926451,,yes,,,,,,,,,,,,,,
77.5801236057266,13.0943702497844,345926330,,yes,,,,,,,,,,,,,,
77.5801145,13.09459755,345926471,,yes,,,,,,,,,,,,,,
77.5802130024503,13.0945230498526,345926392,,yes,,,,,,,,,,,,,,
77.58042055,13.09437315,345926359,,yes,,,,,,,,,,,,,,
77.5803115,13.0944542,345926444,,yes,,,,,,,,,,,,,,
77.5805523386489,13.0944430495753,345926431,,yes,,,,,,,,,,,,,,
77.58048165,13.09447445,345926423,,yes,,,,,,,,,,,,,,
77.58039835,13.0945283,345926412,,yes,,,,,,,,,,,,,,
77.58030915,13.0946027,345926407,,yes,,,,,,,,,,,,,,
77.58000155,13.0946737,345926474,,yes,,,,,,,,,,,,,,
77.58012155,13.0947316,345926394,,yes,,,,,,,,,,,,,,
77.58003225,13.0948226,345926486,,yes,,,,,,,,,,,,,,
77.5802014,13.0946766,345926509,,yes,,,,,,,,,,,,,,
77.580254,13.0950095,345926463,,yes,,,,,,,,,,,,,,
77.58036575,13.09487395,345926497,,yes,,,,,,,,,,,,,,
77.5804118062608,13.0949393998404,345926520,,yes,,,,,,,,,,,,,,
77.58044885,13.09500345,345926484,,yes,,,,,,,,,,,,,,
77.5805725006904,13.0949317503971,345926495,,yes,,,,,,,,,,,,,,
77.5809603984949,13.0944572501251,345926461,,yes,,,,,,,,,,,,,,
77.5808573885652,13.0945611997438,345926302,,yes,,,,,,,,,,,,,,
77.581172137861,13.0943466497116,345926316,,yes,,,,,,,,,,,,,,
77.5811891982731,13.0944877940177,345926544,,yes,,,,,,,,,,,,,,
77.5812665,13.09444485,345926422,,yes,,,,,,,,,,,,,,
77.5813254966882,13.0944161496225,345926362,,yes,,,,,,,,,,,,,,
77.5809978,13.09452545,345926464,,yes,,,,,,,,,,,,,,
77.5810541121187,13.0945910455688,345926540,,yes,,,,,,,,,,,,,,
77.5809966447661,13.0946429498994,345926480,,yes,,,,,,,,,,,,,,
77.5812811,13.09465755,345908965,,yes,,,,,,,,,,,,,,
77.580658036775,13.0946803995138,345926458,,yes,,,,,,,,,,,,,,
77.5807627,13.09479115,345926460,,yes,,,,,,,,,,,,,,
77.5809226857907,13.0946915996413,345926482,,yes,,,,,,,,,,,,,,
77.58065015,13.09487685,345926523,,yes,,,,,,,,,,,,,,
77.580848656844,13.0949434504172,345908960,,yes,,,,,,,,,,,,,,
77.5811033,13.09482425,345908937,,yes,,,,,,,,,,,,,,
77.5812110508383,13.0947007500585,345908993,,yes,,,,,,,,,,,,,,
77.5813093400231,13.0947492497225,345909037,,yes,,,,,,,,,,,,,,
77.5812175,13.09482945,345908980,,yes,,,,,,,,,,,,,,
77.5812615,13.0947898,345908952,,yes,,,,,,,,,,,,,,
77.581049172957,13.0948948190317,345909048,,yes,,,,,,,,,,,,,,
77.5811790981637,13.0950126496357,345909023,,yes,,,,,,,,,,,,,,
77.5802843658172,13.0951541503418,345926357,,yes,,,,,,,,,,,,,,
77.5803878052849,13.0950677503708,345926373,,yes,,,,,,,,,,,,,,
77.580587,13.095149,345908951,,yes,,,,,,,,,,,,,,
77.5805205980393,13.095210399947,345909035,,yes,,,,,,,,,,,,,,
77.5806382,13.09522795,345908979,,yes,,,,,,,,,,,,,,
77.58051825,13.09531075,345908985,,yes,,,,,,,,,,,,,,
77.580572876821,13.0952776008665,345909011,,yes,,,,,,,,,,,,,,
77.5800352587227,13.0953730502826,345926441,,yes,,,,,,,,,,,,,,
77.5801215,13.09552715,345908988,,yes,,,,,,,,,,,,,,
77.58018100034,13.0954726995504,345908961,,yes,,,,,,,,,,,,,,
77.57996915,13.0957001,345908945,,yes,,,,,,,,,,,,,,
77.5800969579977,13.0956912503951,345909021,,yes,,,,,,,,,,,,,,
77.5801757954068,13.0956165496995,345908933,,yes,,,,,,,,,,,,,,
77.580265,13.09554165,345909015,,yes,,,,,,,,,,,,,,
77.5801350618661,13.0956532503904,345908973,,yes,,,,,,,,,,,,,,
77.580361754371,13.0954432504543,345908955,,yes,,,,,,,,,,,,,,
77.5804461994858,13.0953840499702,345908958,,yes,,,,,,,,,,,,,,
77.5803114,13.0954871,345909039,,yes,,,,,,,,,,,,,,
77.58059665,13.09544245,345909030,,yes,,,,,,,,,,,,,,
77.5803953441715,13.0955997997175,345909016,,yes,,,,,,,,,,,,,,
77.5803217571756,13.0956700997651,345909040,,yes,,,,,,,,,,,,,,
77.5804805,13.09553825,345908956,,yes,,,,,,,,,,,,,,
77.58051987981,13.0956771887245,366003311,,yes,,,,,,,,,,,,,,
77.5807276961098,13.0950504999136,345909047,,yes,,,,,,,,,,,,,,
77.5806790915558,13.0951048996748,345909020,,yes,,,,,,,,,,,,,,
77.5808561947435,13.0950707996243,345908987,,yes,,,,,,,,,,,,,,
77.5809242066187,13.0950208504034,345909014,,yes,,,,,,,,,,,,,,
77.5807051629976,13.0951895497002,345908995,,yes,,,,,,,,,,,,,,
77.5807730939678,13.0953041497401,345908972,,yes,,,,,,,,,,,,,,
77.58089525,13.0952126,345908944,,yes,,,,,,,,,,,,,,
77.5810026901299,13.0951367995719,345909001,,yes,,,,,,,,,,,,,,
77.5813066,13.0950882,345909027,,yes,,,,,,,,,,,,,,
77.5810309317771,13.0952875358167,366003313,,yes,,,,,,,,,,,,,,
77.5808571799581,13.0954155325398,366003314,,yes,,,,,,,,,,,,,,
77.5806892452155,13.0955420861863,366003315,,yes,,,,,,,,,,,,,,
77.5814074868261,13.0943568994793,345926516,,yes,,,,,,,,,,,,,,
77.5816613536625,13.0944249501334,345908957,,yes,,,,,,,,,,,,,,
77.5814402,13.0945594,345909007,,yes,,,,,,,,,,,,,,
77.58135485,13.09460435,345909029,,yes,,,,,,,,,,,,,,
77.5814513251347,13.094664649141,345908947,,yes,,,,,,,,,,,,,,
77.5815124,13.09451595,345909004,,yes,,,,,,,,,,,,,,
77.5815958435433,13.094568949298,345909026,,yes,,,,,,,,,,,,,,
77.5815189967582,13.0946193994049,345908943,,yes,,,,,,,,,,,,,,
77.581703,13.09449905,345908969,,yes,,,,,,,,,,,,,,
77.58178055,13.09445905,345908940,,yes,,,,,,,,,,,,,,
77.5818791528198,13.0944057502784,345909041,,yes,,,,,,,,,,,,,,
77.5819933,13.0943474,345908949,,yes,,,,,,,,,,,,,,
77.5820004547201,13.0944859502057,345908964,,yes,,,,,,,,,,,,,,
77.5818155972605,13.0945866497573,345909022,,yes,,,,,,,,,,,,,,
77.5816824005361,13.0946665504128,345908997,,yes,,,,,,,,,,,,,,
77.5819142904763,13.0945380997162,345908936,,yes,,,,,,,,,,,,,,
77.5819489583185,13.0946680003145,345908975,,yes,,,,,,,,,,,,,,
77.5813932891755,13.0946926494786,345908976,,yes,,,,,,,,,,,,,,
77.5813541628398,13.0947232503475,345908992,,yes,,,,,,,,,,,,,,
77.5814288,13.09484175,345908938,,yes,,,,,,,,,,,,,,
77.5815405567533,13.0947656502961,345908970,,yes,,,,,,,,,,,,,,
77.5813507580285,13.094893150264,345908967,,yes,,,,,,,,,,,,,,
77.5814916967712,13.0949639497079,345908941,,yes,,,,,,,,,,,,,,
77.5817312968233,13.0947958997556,345908946,,yes,,,,,,,,,,,,,,
77.58201075,13.09490495,345908962,,yes,,,,,,,,,,,,,,
77.5818964949626,13.0949998498373,345908934,,yes,,,,,,,,,,,,,,
77.58219255,13.0943953,345908991,,yes,,,,,,,,,,,,,,
77.5821636948524,13.0945648998462,345909003,,yes,,,,,,,,,,,,,,
77.5824497418519,13.0944645493306,345902978,,yes,,,,,,,,,,,,,,
77.5826442071702,13.0944133998638,345902834,,yes,,,,,,,,,,,,,,
77.58251125,13.0945766,345902937,,yes,,,,,,,,,,,,,,
77.5826731515694,13.0945143002713,345902885,,yes,,,,,,,,,,,,,,
77.5823352,13.09480935,345908999,,yes,,,,,,,,,,,,,,
77.5823453038513,13.0949780999185,345908996,,yes,,,,,,,,,,,,,,
77.582547901004,13.0946957002124,345902931,,yes,,,,,,,,,,,,,,
77.5825839,13.0948092,345902888,,yes,,,,,,,,,,,,,,
77.582647,13.09493325,345902838,,yes,,,,,,,,,,,,,,
77.5815764399915,13.0952137997337,363605739,,yes,,,,,,,,,,,,,,
77.58194255,13.09512615,345908990,,yes,,,,,,,,,,,,,,
77.5817896647705,13.0952543002433,366003318,,yes,,,,,,,,,,,,,,
77.5817018502772,13.0952993563914,366003324,,yes,,,,,,,,,,,,,,
77.5820877642493,13.0950708506235,345909000,,yes,,,,,,,,,,,,,,
77.5821476552414,13.0952131576337,345909050,,yes,,,,,,,,,,,,,,
77.5820215,13.0953079,345908963,,yes,,,,,,,,,,,,,,
77.5823912488419,13.0950823495868,345908968,,yes,,,,,,,,,,,,,,
77.58251485,13.09516125,345909024,,yes,,,,,,,,,,,,,,
77.5826867990376,13.0950451000589,345902981,,yes,,,,,,,,,,,,,,
77.58237765,13.095212,345908939,,yes,,,,,,,,,,,,,,
77.5824428391095,13.0953437498004,345908986,,yes,,,,,,,,,,,,,,
77.58255295,13.0952655,345909002,,yes,,,,,,,,,,,,,,
77.582113477222,13.0954586994714,345909043,,yes,,,,,,,,,,,,,,
77.5822147,13.09538065,345909018,,yes,,,,,,,,,,,,,,
77.5821593386541,13.0956062497749,345908935,,yes,,,,,,,,,,,,,,
77.5822818586604,13.0955627001803,345909025,,yes,,,,,,,,,,,,,,
77.5823544548453,13.0956820001543,345908966,,yes,,,,,,,,,,,,,,
77.5825113429332,13.0955092497367,345909012,,yes,,,,,,,,,,,,,,
77.5825884089226,13.0953661505101,345908974,,yes,,,,,,,,,,,,,,
77.5826295931838,13.0954729997969,345909036,,yes,,,,,,,,,,,,,,
77.5826814543562,13.0955829009905,345908994,,yes,,,,,,,,,,,,,,
77.58256835,13.095628,345908959,,yes,,,,,,,,,,,,,,
77.5827403787453,13.0929892997384,345926468,,yes,,,,,,,,,,,,,,
77.5828827700736,13.0929840003633,345926489,,yes,,,,,,,,,,,,,,
77.5829276,13.0931231,345926361,,yes,,,,,,,,,,,,,,
77.5830384,13.0930655,345926515,,yes,,,,,,,,,,,,,,
77.5827606328579,13.0931635996811,345926308,,yes,,,,,,,,,,,,,,
77.5828394210433,13.0931518004037,345926342,,yes,,,,,,,,,,,,,,
77.5832161454173,13.0930344999359,345926293,,yes,,,,,,,,,,,,,,
77.5833190945256,13.0929877498728,345926521,,yes,,,,,,,,,,,,,,
77.5827710473783,13.0935337497074,345926388,,yes,,,,,,,,,,,,,,
77.5828053085164,13.0936320004206,345926401,,yes,,,,,,,,,,,,,,
77.58303595,13.0935331,345926369,,yes,,,,,,,,,,,,,,
77.5832544,13.0934433,345926297,,yes,,,,,,,,,,,,,,
77.58338905,13.09341085,345926300,,yes,,,,,,,,,,,,,,
77.583139294981,13.0935211499008,345926454,,yes,,,,,,,,,,,,,,
77.583357942436,13.0936348999017,345926525,,yes,,,,,,,,,,,,,,
77.5834633,13.0929858,345926367,,yes,,,,,,,,,,,,,,
77.5837155511802,13.0931910002891,345926332,,yes,,,,,,,,,,,,,,
77.5837513982547,13.0930195995104,345926399,,yes,,,,,,,,,,,,,,
77.5835083793321,13.0933878496914,345926312,,yes,,,,,,,,,,,,,,
77.5834911122976,13.0935333007007,345926352,,yes,,,,,,,,,,,,,,
77.583610579578,13.0935346496263,345926522,,yes,,,,,,,,,,,,,,
77.5837289934499,13.093514199855,345926347,,yes,,,,,,,,,,,,,,
77.5837624564211,13.0933185000774,345926470,,yes,,,,,,,,,,,,,,
77.5838843,13.09333045,345926328,,yes,,,,,,,,,,,,,,
77.5828952421125,13.09379009988,345926323,,yes,,,,,,,,,,,,,,
77.5827461411054,13.093824099891,345926419,,yes,,,,,,,,,,,,,,
77.58313025,13.0936915,345926387,,yes,,,,,,,,,,,,,,
77.5832641933609,13.0936635999065,345926476,,yes,,,,,,,,,,,,,,
77.58285535,13.09400795,345902980,,yes,,,,,,,,,,,,,,
77.5829797396597,13.0939932234344,345903011,,yes,,,,,,,,,,,,,,
77.5830392554203,13.0943192001696,345903006,,yes,,,,,,,,,,,,,,
77.58367625,13.09379865,345903005,,yes,,,,,,,,,,,,,,
77.5834906044424,13.0938452001639,345902865,,yes,,,,,,,,,,,,,,
77.5835850055235,13.0939749501092,345902851,,yes,,,,,,,,,,,,,,
77.5836813568734,13.0939399001085,345902840,,yes,,,,,,,,,,,,,,
77.5837805061292,13.0937726501102,345902965,,yes,,,,,,,,,,,,,,
77.5838701,13.09374495,345902918,,yes,,,,,,,,,,,,,,
77.5840506702305,13.0936814505968,345902977,,yes,,,,,,,,,,,,,,
77.5839597433541,13.0937313998894,345902876,,yes,,,,,,,,,,,,,,
77.5837817345483,13.0939157997368,345902891,,yes,,,,,,,,,,,,,,
77.5839932356902,13.0938657496623,345902959,,yes,,,,,,,,,,,,,,
77.5835533943601,13.0942078998951,345903001,,yes,,,,,,,,,,,,,,
77.5837299205641,13.0941671004509,345902922,,yes,,,,,,,,,,,,,,
77.5837189450746,13.0943058999074,345902894,,yes,,,,,,,,,,,,,,
77.5838154,13.09410745,345902880,,yes,,,,,,,,,,,,,,
77.5839232204553,13.0941197505009,345902828,,yes,,,,,,,,,,,,,,
77.5840097444384,13.0940857998975,345902974,,yes,,,,,,,,,,,,,,
77.5838201542561,13.0942842000746,345902962,,yes,,,,,,,,,,,,,,
77.5839888,13.0942403,345902873,,yes,,,,,,,,,,,,,,
77.5839087539527,13.0942629500636,345902914,,yes,,,,,,,,,,,,,,
77.5846159,13.09309335,345926299,,yes,,,,,,,,,,,,,,
77.5847182274508,13.0930955496083,345926296,,yes,,,,,,,,,,,,,,
77.5844608276083,13.0931798494339,345926338,,yes,,,,,,,,,,,,,,
77.5844518,13.09327425,345926457,,yes,,,,,,,,,,,,,,
77.5846057677774,13.0932969503079,345926479,,yes,,,,,,,,,,,,,,
77.5847295,13.09327285,345926315,,yes,,,,,,,,,,,,,,
77.5841802,13.0934066,345926309,,yes,,,,,,,,,,,,,,
77.58436225,13.0933554,345926355,,yes,,,,,,,,,,,,,,
77.5843621,13.09361345,345902898,,yes,,,,,,,,,,,,,,
77.5844526,13.09360755,345902946,,yes,,,,,,,,,,,,,,
77.5846371309254,13.0935336488927,345902887,,yes,,,,,,,,,,,,,,
77.5847332767749,13.0935280004445,345902967,,yes,,,,,,,,,,,,,,
77.5846399675156,13.0935935509999,345902928,,yes,,,,,,,,,,,,,,
77.58484835,13.09308725,345926378,,yes,,,,,,,,,,,,,,
77.5849882,13.09306725,345926492,,yes,,,,,,,,,,,,,,
77.5848576219973,13.0932503502682,345926319,,yes,,,,,,,,,,,,,,
77.5850971027403,13.0931742000598,345926518,,yes,,,,,,,,,,,,,,
77.585107,13.09303435,345926364,,yes,,,,,,,,,,,,,,
77.5852265673258,13.0930207503119,345926395,,yes,,,,,,,,,,,,,,
77.5853635736573,13.0929600495943,345926487,,yes,,,,,,,,,,,,,,
77.5852279,13.09316835,345926512,,yes,,,,,,,,,,,,,,
77.5853574273065,13.0931481997207,345926408,,yes,,,,,,,,,,,,,,
77.5848262049007,13.0935239001102,345903007,,yes,,,,,,,,,,,,,,
77.5848289,13.09362895,345902821,,yes,,,,,,,,,,,,,,
77.5849209012308,13.0935606500558,345902869,,yes,,,,,,,,,,,,,,
77.58514655,13.0935184,345902909,,yes,,,,,,,,,,,,,,
77.5851584524711,13.0936224000753,345902987,,yes,,,,,,,,,,,,,,
77.5841620787842,13.0936682996641,345902844,,yes,,,,,,,,,,,,,,
77.58423795,13.09380265,345902904,,yes,,,,,,,,,,,,,,
77.5843032,13.0938064,345902857,,yes,,,,,,,,,,,,,,
77.5841552743651,13.0938269494834,345902911,,yes,,,,,,,,,,,,,,
77.5845220376153,13.0937031996699,345902996,,yes,,,,,,,,,,,,,,
77.5846145170659,13.0936617510073,345902835,,yes,,,,,,,,,,,,,,
77.5847109247852,13.0936538491919,345902971,,yes,,,,,,,,,,,,,,
77.58450635,13.0939696,345902843,,yes,,,,,,,,,,,,,,
77.5846875,13.09389175,345902930,,yes,,,,,,,,,,,,,,
77.5842092,13.0940407,345902848,,yes,,,,,,,,,,,,,,
77.584104674647,13.0940729005693,345902933,,yes,,,,,,,,,,,,,,
77.58430495,13.09403335,345902988,,yes,,,,,,,,,,,,,,
77.5843933,13.09400305,345902985,,yes,,,,,,,,,,,,,,
77.5840879940219,13.0942084998948,345902823,,yes,,,,,,,,,,,,,,
77.58419405,13.0941947,345902972,,yes,,,,,,,,,,,,,,
77.5842935275782,13.0941895995618,345902966,,yes,,,,,,,,,,,,,,
77.5844306475477,13.0941507499128,345902951,,yes,,,,,,,,,,,,,,
77.5845731309513,13.0940965135328,345903013,,yes,,,,,,,,,,,,,,
77.5846994364174,13.0940952817748,345903017,,yes,,,,,,,,,,,,,,
77.5848456690822,13.0936920008001,345902872,,yes,,,,,,,,,,,,,,
77.58487315,13.09389505,345902897,,yes,,,,,,,,,,,,,,
77.58477945,13.09390425,345902982,,yes,,,,,,,,,,,,,,
77.5849712726055,13.0938811503988,345902856,,yes,,,,,,,,,,,,,,
77.585252251028,13.0938046500291,345902845,,yes,,,,,,,,,,,,,,
77.58518945,13.0939093,345902945,,yes,,,,,,,,,,,,,,
77.5853236775804,13.093984849308,345902983,,yes,,,,,,,,,,,,,,
77.5848683468594,13.0940200499388,345902944,,yes,,,,,,,,,,,,,,
77.58518035,13.09400335,345902839,,yes,,,,,,,,,,,,,,
77.58518865,13.09409565,345902889,,yes,,,,,,,,,,,,,,
77.58531205,13.0940786,345902932,,yes,,,,,,,,,,,,,,
77.5851782253095,13.0941834993123,345902871,,yes,,,,,,,,,,,,,,
77.5851961253825,13.0942933994135,345902999,,yes,,,,,,,,,,,,,,
77.58532445,13.09418885,345902912,,yes,,,,,,,,,,,,,,
77.58533385,13.0942806,345902820,,yes,,,,,,,,,,,,,,
77.5827358528132,13.0946148002443,345902927,,yes,,,,,,,,,,,,,,
77.583175583098,13.0944604997148,345902907,,yes,,,,,,,,,,,,,,
77.5833194064043,13.0943893501135,345902868,,yes,,,,,,,,,,,,,,
77.5832071,13.09457265,345902956,,yes,,,,,,,,,,,,,,
77.58278365,13.09473505,345902970,,yes,,,,,,,,,,,,,,
77.5828406,13.09485385,345902866,,yes,,,,,,,,,,,,,,
77.5828591026678,13.0949736001536,345903022,,yes,,,,,,,,,,,,,,
77.5836107,13.0943415,345902941,,yes,,,,,,,,,,,,,,
77.58391875,13.0946315,345902833,,yes,,,,,,,,,,,,,,
77.5834251124024,13.0946756507246,345902993,,yes,,,,,,,,,,,,,,
77.5835268455493,13.0948254998522,345902853,,yes,,,,,,,,,,,,,,
77.583570893156,13.0949924498864,345902935,,yes,,,,,,,,,,,,,,
77.5837800389777,13.0946879994739,345902884,,yes,,,,,,,,,,,,,,
77.5838215522027,13.094772900285,345902926,,yes,,,,,,,,,,,,,,
77.58387065,13.09485625,345902842,,yes,,,,,,,,,,,,,,
77.5839166875873,13.0949196001836,345902890,,yes,,,,,,,,,,,,,,
77.5840443,13.09488795,345902976,,yes,,,,,,,,,,,,,,
77.583922,13.0949752,345902960,,yes,,,,,,,,,,,,,,
77.5827197356247,13.0951738996115,345902954,,yes,,,,,,,,,,,,,,
77.5829353521939,13.095093200191,345902905,,yes,,,,,,,,,,,,,,
77.5828337073405,13.0953463002566,345902991,,yes,,,,,,,,,,,,,,
77.5830476,13.09526585,345902901,,yes,,,,,,,,,,,,,,
77.582913903873,13.0954591002736,345902860,,yes,,,,,,,,,,,,,,
77.58271745,13.0956489,345908989,,yes,,,,,,,,,,,,,,
77.5829426502289,13.0955788514582,345902879,,yes,,,,,,,,,,,,,,
77.58302145,13.0956721,345902949,,yes,,,,,,,,,,,,,,
77.5830609,13.0954003,345902862,,yes,,,,,,,,,,,,,,
77.5831616100496,13.0953797503685,345903000,,yes,,,,,,,,,,,,,,
77.5830991600948,13.0954979004968,345903010,,yes,,,,,,,,,,,,,,
77.5831433,13.0955982,345902900,,yes,,,,,,,,,,,,,,
77.5836349,13.09515055,345902973,,yes,,,,,,,,,,,,,,
77.58344165,13.09523765,345902825,,yes,,,,,,,,,,,,,,
77.5839532951132,13.095031199767,345902936,,yes,,,,,,,,,,,,,,
77.5840624485056,13.0950622485714,345902915,,yes,,,,,,,,,,,,,,
77.58375055,13.09528795,345902975,,yes,,,,,,,,,,,,,,
77.584018093513,13.0952161996968,345902847,,yes,,,,,,,,,,,,,,
77.5840615089628,13.0952955509731,345903002,,yes,,,,,,,,,,,,,,
77.58389365,13.09570005,345902925,,yes,,,,,,,,,,,,,,
77.58400675,13.09564855,345902969,,yes,,,,,,,,,,,,,,
77.58408245,13.0949868,345902832,,yes,,,,,,,,,,,,,,
77.5852038,13.09438665,345902861,,yes,,,,,,,,,,,,,,
77.5852164765532,13.0944927494042,345902906,,yes,,,,,,,,,,,,,,
77.58534665,13.09436305,345902961,,yes,,,,,,,,,,,,,,
77.5852222793372,13.0945819991937,345902955,,yes,,,,,,,,,,,,,,
77.5853643258517,13.094567949285,345902867,,yes,,,,,,,,,,,,,,
77.5852017983727,13.0946752999608,345902992,,yes,,,,,,,,,,,,,,
77.58537045,13.0947661,345902852,,yes,,,,,,,,,,,,,,
77.5852450252348,13.0948676493199,345902892,,yes,,,,,,,,,,,,,,
77.5852486215512,13.0949618506338,345902940,,yes,,,,,,,,,,,,,,
77.5841591,13.09515885,345902963,,yes,,,,,,,,,,,,,,
77.5841986489856,13.095242399728,345902863,,yes,,,,,,,,,,,,,,
77.5842406912473,13.0953529996788,345902995,,yes,,,,,,,,,,,,,,
77.58411305,13.0953875,345902958,,yes,,,,,,,,,,,,,,
77.5841473298883,13.0956362996909,345903009,,yes,,,,,,,,,,,,,,
77.5842695207848,13.0955914502837,345902824,,yes,,,,,,,,,,,,,,
77.58450745,13.0955441,345902916,,yes,,,,,,,,,,,,,,
77.5846476973335,13.0955415998999,345902874,,yes,,,,,,,,,,,,,,
77.5846014,13.0956791,345902858,,yes,,,,,,,,,,,,,,
77.5852513981211,13.0950580999418,345902829,,yes,,,,,,,,,,,,,,
77.5852506227584,13.0951417006851,345902882,,yes,,,,,,,,,,,,,,
77.5854001,13.0951315,345902923,,yes,,,,,,,,,,,,,,
77.5847672761722,13.0955261405238,345903018,,yes,,,,,,,,,,,,,,
77.58500125,13.09547615,345902947,,yes,,,,,,,,,,,,,,
77.584809178488,13.0956448504021,345902899,,yes,,,,,,,,,,,,,,
77.5849794,13.0956292,345902953,,yes,,,,,,,,,,,,,,
77.5852463460635,13.0954114999181,345902990,,yes,,,,,,,,,,,,,,
77.58577885,13.0923688,345926339,,yes,,,,,,,,,,,,,,
77.5855255756427,13.0925813503982,345926505,,yes,,,,,,,,,,,,,,
77.58584045,13.0923644,345926439,,yes,,,,,,,,,,,,,,
77.5859712724996,13.0924564005251,366918949,,yes,,,,,,,,,,,,,,
77.586065706203,13.0924724799623,366918959,,yes,,,,,,,,,,,,,,
77.58612375,13.09246875,366918907,,yes,,,,,,,,,,,,,,
77.5854648905038,13.0929172756305,345926545,,yes,,,,,,,,,,,,,,
77.58560945,13.0929065,345926534,,yes,,,,,,,,,,,,,,
77.5863582,13.09242975,366918966,,yes,,,,,,,,,,,,,,
77.5854753,13.09299435,345926413,,yes,,,,,,,,,,,,,,
77.5854929806477,13.0930832493665,345926424,,yes,,,,,,,,,,,,,,
77.5854959,13.09317405,345926343,,yes,,,,,,,,,,,,,,
77.5855426,13.09346565,345902979,,yes,,,,,,,,,,,,,,
77.5857452981778,13.0934696499584,345902939,,yes,,,,,,,,,,,,,,
77.5855703972221,13.0935957499357,345902837,,yes,,,,,,,,,,,,,,
77.58558155,13.0937286,345902870,,yes,,,,,,,,,,,,,,
77.585772,13.09372855,345902957,,yes,,,,,,,,,,,,,,
77.58559385,13.0938439,345902910,,yes,,,,,,,,,,,,,,
77.58556575,13.0939788,345902895,,yes,,,,,,,,,,,,,,
77.5857654714361,13.0938542005429,345902994,,yes,,,,,,,,,,,,,,
77.585765427035,13.0939759495547,345902854,,yes,,,,,,,,,,,,,,
77.58561345,13.09411005,345902950,,yes,,,,,,,,,,,,,,
77.5856257731392,13.0942337004746,345902986,,yes,,,,,,,,,,,,,,
77.5858035,13.09420815,345902903,,yes,,,,,,,,,,,,,,
77.585814849726,13.0945386999956,372299990,,yes,,,,,,,,,,,,,,
77.5855812249796,13.09478316183,345903016,,yes,,,,,,,,,,,,,,
77.58566315,13.0946838,345902968,,yes,,,,,,,,,,,,,,
77.5856966877303,13.0948125830617,345903012,,yes,,,,,,,,,,,,,,
77.5856448225052,13.0949268005385,345902827,,yes,,,,,,,,,,,,,,
77.58581745,13.09467595,372299989,,yes,,,,,,,,,,,,,,
77.5858207758797,13.094794799433,372299991,,yes,,,,,,,,,,,,,,
77.58568095,13.09504325,345902878,,yes,,,,,,,,,,,,,,
77.5856365448062,13.0951537683882,345903019,,yes,,,,,,,,,,,,,,
77.585717,13.09512915,345902952,,yes,,,,,,,,,,,,,,
77.5857315,13.095161,345902989,,yes,,,,,,,,,,,,,,
77.5857822997973,13.0952791465635,345903015,,yes,,,,,,,,,,,,,,
77.5857968992183,13.095174299974,345902849,,yes,,,,,,,,,,,,,,
77.5856994992836,13.0954219999837,345902920,,yes,,,,,,,,,,,,,,
77.58586765,13.0954161,369134897,,yes,,,,,,,,,,,,,,
77.58585645,13.0955309,369134898,,yes,,,,,,,,,,,,,,
77.5862416421853,13.0952887176494,238921476,,yes,Ganesha Mantapa,,,,,ಗಣೇಶ ಮಂಟಪ,,,,,,,,
77.5913308217624,13.0922290003957,420763477,,yes,,,,,,,,,,,,,,
77.5914624476766,13.0922121999559,420763481,,yes,,,,,,,,,,,,,,
77.5915922019492,13.0922009500368,420763476,,yes,,,,,,,,,,,,,,
77.5917152,13.0921921,420763486,,yes,,,,,,,,,,,,,,
77.57400045,13.09688335,378431885,,yes,,,,,,,,,,,,,,
77.57408495,13.09685985,378431887,,yes,,,,,,,,,,,,,,
77.5738422,13.0969356,378431883,,yes,,,,,,,,,,,,,,
77.57392,13.09690945,378431884,,yes,,,,,,,,,,,,,,
77.57388095,13.09703475,378431881,,yes,,,,,,,,,,,,,,
77.574034,13.09698655,378431886,,yes,,,,,,,,,,,,,,
77.57395485,13.09701135,378431882,,yes,,,,,,,,,,,,,,
77.57416405,13.09683505,378431888,,yes,,,,,,,,,,,,,,
77.5743142694414,13.0967893004612,378431891,,yes,,,,,,,,,,,,,,
77.5743598438094,13.0968963998532,378431890,,yes,,,,,,,,,,,,,,
77.57427805,13.09692125,378431889,,yes,,,,,,,,,,,,,,
77.57226345,13.0977347,365450325,,yes,,,,,,,,,,,,,,
77.5723158667017,13.0979215505486,365450315,,yes,,,,,,,,,,,,,,
77.5723425364617,13.0980920877355,365450314,,yes,,,,,,,,,,,,,,
77.572485096379,13.0978970497592,365450316,,yes,,,,,,,,,,,,,,
77.5727416344607,13.0978483993869,365450327,,yes,,,,,,,,,,,,,,
77.5725384535113,13.0980312502217,365450318,,yes,,,,,,,,,,,,,,
77.57315955,13.0977855,365450320,,yes,,,,,,,,,,,,,,
77.5731861,13.09786755,365450331,,yes,,,,,,,,,,,,,,
77.5734320487133,13.097847108277,365450333,,yes,,,,,,,,,,,,,,
77.5730898,13.09806415,365450324,,yes,,,,,,,,,,,,,,
77.5734554,13.09793525,365450323,,yes,,,,,,,,,,,,,,
77.57310605,13.09811875,365450330,,yes,,,,,,,,,,,,,,
77.57315185,13.09820485,365450317,,yes,,,,,,,,,,,,,,
77.573274562792,13.0981855008533,365450332,,yes,,,,,,,,,,,,,,
77.5736234594133,13.0982577500961,365450321,,yes,,,,,,,,,,,,,,
77.5735408852274,13.0982825720207,365450313,,yes,,,,,,,,,,,,,,
77.5737288066662,13.0983918502422,365450329,,yes,,,,,,,,,,,,,,
77.574266016594,13.0984334796397,705675998,,commercial,DMart,marketplace,,,,,,,Mathru Layout,,,,,
77.5733660250168,13.103034210121,359582008,,apartments,,,,,,,,,,,,,,
77.5733902250168,13.103211910121,359582007,,apartments,,,,,,,,,,,,,,
77.5736906250168,13.102968910121,359582010,,apartments,,,,,,,,,,,,,,
77.5738729250168,13.102974110121,359582011,,apartments,,,,,,,,,,,,,,
77.5741278250168,13.102948010121,359582437,,apartments,,,,,,,,,,,,,,
77.5742994250168,13.102953210121,359582438,,apartments,,,,,,,,,,,,,,
77.5742941250168,13.103238010121,359582435,,apartments,,,,,,,,,,,,,,
77.5733687250168,13.103381710121,359582006,,apartments,,,,,,,,,,,,,,
77.5733392250168,13.103590710121,359582005,,apartments,,,,,,,,,,,,,,
77.5736637250168,13.103379110121,359582009,,apartments,,,,,,,,,,,,,,
77.5736664250168,13.103559310121,359581504,,apartments,Shirke Apartments,,,,,,,,,,,,,
77.5733222,13.10377085,353767009,,yes,,,,,,,,,,,,,,
77.5736185,13.10373085,353767012,,yes,,,,,,,,,,,,,,
77.5742726250168,13.103405210121,359582433,,apartments,,,,,,,,,,,,,,
77.5742699250168,13.103590710121,359582432,,apartments,,,,,,,,,,,,,,
77.5742280737392,13.1037681993859,346190900,,yes,,,,,,,,,,,,,,
77.5720416040019,13.1042071001579,353766911,,yes,,,,,,,,,,,,,,
77.5723366858739,13.1041781494653,353766902,,yes,,,,,,,,,,,,,,
77.5722057801999,13.1042980006504,353766879,,yes,,,,,,,,,,,,,,
77.5727613400721,13.104588378247,346168331,,yes,,,,,,,,,,,,,,
77.5728006905038,13.1045388084672,435751009,,yes,SB College,,,,5,,,,,This where Srishti N5 is.,,,,
77.5732602,13.10426,346168438,,yes,,,,,,,,,,,,,,
77.5734148745635,13.1041549012444,346168461,,yes,,,,,,,,,,,,,,
77.57376245,13.10400715,346168576,,yes,,,,,,,,,,,,,,
77.573465,13.104141,346168572,,yes,,,,,,,,,,,,,,
77.5735054,13.10413735,346168507,,yes,,,,,,,,,,,,,,
77.5735876,13.10413095,346168558,,yes,,,,,,,,,,,,,,
77.5735003,13.10423965,346168504,,yes,,,,,,,,,,,,,,
77.57345745,13.10424435,346168570,,yes,,,,,,,,,,,,,,
77.5736376237975,13.1041379506722,346168509,,yes,,,,,,,,,,,,,,
77.573606876662,13.1042249006569,346168456,,yes,,,,,,,,,,,,,,
77.5737354,13.1042118,346168374,,yes,,,,,,,,,,,,,,
77.5732667771866,13.1043336020517,346168579,,yes,,,,,,,,,,,,,,
77.573469701582,13.1043383000988,346168458,,yes,,,,,,,,,,,,,,
77.573507751793,13.1043334500449,346168365,,yes,,,,,,,,,,,,,,
77.5735984483287,13.1043238499604,346168550,,yes,,,,,,,,,,,,,,
77.5734997254143,13.1044369494104,346168389,,yes,,,,,,,,,,,,,,
77.5736485771792,13.1043220990691,346168428,,yes,,,,,,,,,,,,,,
77.5736055761587,13.1044232993292,346168471,,yes,,,,,,,,,,,,,,
77.5736559018135,13.1044167000377,346168552,,yes,,,,,,,,,,,,,,
77.5739479242828,13.1040255506489,346168577,,yes,,,,,,,,,,,,,,
77.57380265,13.1040981,346168381,,yes,,,,,,,,,,,,,,
77.57390345,13.1040373,346168511,,yes,,,,,,,,,,,,,,
77.5739567755015,13.1041129992856,346168497,,yes,,,,,,,,,,,,,,
77.5739131010995,13.104139300027,346168350,,yes,,,,,,,,,,,,,,
77.57381735,13.1042022,346168503,,yes,,,,,,,,,,,,,,
77.5739122,13.10423575,346168555,,yes,,,,,,,,,,,,,,
77.5739727,13.10423135,346168451,,yes,,,,,,,,,,,,,,
77.57420085,13.10397745,346190878,,yes,,,,,,,,,,,,,,
77.574289600678,13.1039692000218,346190724,,yes,,,,,,,,,,,,,,
77.574403999531,13.1039659999876,346190987,,yes,,,,,,,,,,,,,,
77.5742039,13.1041817,346190763,,yes,,,,,,,,,,,,,,
77.5742659,13.104179,346190867,,yes,,,,,,,,,,,,,,
77.5742394,13.104258,346190905,,yes,,,,,,,,,,,,,,
77.5743234,13.10417335,346190754,,yes,,,,,,,,,,,,,,
77.5744498494818,13.1041537999829,346191109,,yes,,,,,,,,,,,,,,
77.57439075,13.1041605,346190975,,yes,,,,,,,,,,,,,,
77.5743672,13.1042425,346191071,,yes,,,,,,,,,,,,,,
77.5744616246411,13.1042284007971,346190771,,yes,,,,,,,,,,,,,,
77.57380275,13.1042957,346168534,,yes,,,,,,,,,,,,,,
77.5739005015616,13.1043308500377,346168453,,yes,,,,,,,,,,,,,,
77.5738207747047,13.1043963493645,346168363,,yes,,,,,,,,,,,,,,
77.57394745,13.10443115,346168557,,yes,,,,,,,,,,,,,,
77.57395825,13.10433885,346168353,,yes,,,,,,,,,,,,,,
77.5742327740172,13.104408951227,346191008,,yes,,,,,,,,,,,,,,
77.57445485,13.1043457,346190912,,yes,,,,,,,,,,,,,,
77.5743096,13.1043762,346190829,,yes,,,,,,,,,,,,,,
77.57909095,13.09571765,82432698,,public,Yelahanka New Town Bus Stop,,,,,,,,,,,,,
77.578984972861,13.0962430505565,366918939,,yes,,,,,,,,,,,,,,
77.5789402297465,13.0963293115366,366918965,,yes,,,,,,,,,,,,,,
77.5791647,13.09638965,366918905,,yes,,,,,,,,,,,,,,
77.5798830018394,13.0957625499191,345908982,,yes,,,,,,,,,,,,,,
77.578784709161,13.0965149904104,366918961,,yes,,,,,,,,,,,,,,
77.5789594453949,13.0964566598597,366918963,,yes,,,,,,,,,,,,,,
77.5790821546553,13.096478700299,366918936,,yes,,,,,,,,,,,,,,
77.5791703496012,13.0964766501295,366918942,,yes,,,,,,,,,,,,,,
77.5791448523617,13.0965321002826,366918915,,yes,,,,,,,,,,,,,,
77.5791971619042,13.0965074493888,366918925,,yes,,,,,,,,,,,,,,
77.5790206515996,13.0965701993897,366918933,,yes,,,,,,,,,,,,,,
77.5790701,13.0965817,366918930,,yes,,,,,,,,,,,,,,
77.57904895,13.0966123,366918897,,yes,,,,,,,,,,,,,,
77.5790402058882,13.0966635002111,366918953,,yes,,,,,,,,,,,,,,
77.5792354109513,13.0967053613665,366918964,,yes,,,,,,,,,,,,,,
77.5791604,13.0968178,366918946,,yes,,,,,,,,,,,,,,
77.5791092999899,13.0968774499722,366918918,,yes,,,,,,,,,,,,,,
77.57927855,13.0966642,366918896,,yes,,,,,,,,,,,,,,
77.5793982507291,13.0967287001776,366918937,,yes,,,,,,,,,,,,,,
77.5795963,13.0968372,366918958,,yes,,,,,,,,,,,,,,
77.5795675,13.0969933,366918900,,yes,,,,,,,,,,,,,,
77.5797384143421,13.0969740998013,366918951,,yes,,,,,,,,,,,,,,
77.5796453,13.0970716,366918924,,yes,,,,,,,,,,,,,,
77.5783722,13.09799125,366918943,,yes,,,,,,,,,,,,,,
77.578430209577,13.0980310997689,366918955,,yes,,,,,,,,,,,,,,
77.5789191,13.09709845,366918940,,yes,,,,,,,,,,,,,,
77.57887845,13.0972128,366918893,,yes,,,,,,,,,,,,,,
77.5788169548264,13.097276050167,366918932,,yes,,,,,,,,,,,,,,
77.57876645,13.09736205,366918901,,yes,,,,,,,,,,,,,,
77.5790123909315,13.0972356002114,366918926,,yes,,,,,,,,,,,,,,
77.57911785,13.0970825,366918914,,yes,,,,,,,,,,,,,,
77.57920015,13.09736755,366918957,,yes,,,,,,,,,,,,,,
77.57916555,13.0974395,366918945,,yes,,,,,,,,,,,,,,
77.5791297,13.0974937,366918903,,yes,,,,,,,,,,,,,,
77.5791898052269,13.0975898501649,366918909,,yes,,,,,,,,,,,,,,
77.5790425208817,13.0976237504008,366918923,,yes,,,,,,,,,,,,,,
77.5790803,13.0977456,366918950,,yes,,,,,,,,,,,,,,
77.5791282954124,13.0976877998119,366918941,,yes,,,,,,,,,,,,,,
77.57933835,13.09715855,366918938,,yes,,,,,,,,,,,,,,
77.5793201362596,13.0972195997275,366918904,,yes,,,,,,,,,,,,,,
77.5795029566975,13.0971740501916,366918935,,yes,,,,,,,,,,,,,,
77.5792753,13.09726715,366918929,,yes,,,,,,,,,,,,,,
77.57937475,13.0973501,366918944,,yes,,,,,,,,,,,,,,
77.5794455473488,13.0972505998421,366918917,,yes,,,,,,,,,,,,,,
77.579802411379,13.0971584996702,366918916,,yes,,,,,,,,,,,,,,
77.579865725222,13.097237400478,366918927,,yes,,,,,,,,,,,,,,
77.57885345,13.09793505,366918947,,yes,,,,,,,,,,,,,,
77.5789331044802,13.0977828497997,366918913,,yes,,,,,,,,,,,,,,
77.5790464612858,13.0978311491937,366918921,,yes,,,,,,,,,,,,,,
77.5789768053099,13.0979302001251,366918906,,yes,,,,,,,,,,,,,,
77.5789425619385,13.0980225002055,366918928,,yes,,,,,,,,,,,,,,
77.578715754168,13.098134241371,366918888,,yes,,,,,,,,,,,,,,
77.5800374702031,13.0957735007971,345909031,,yes,,,,,,,,,,,,,,
77.58006505,13.0957364,345909008,,yes,,,,,,,,,,,,,,
77.5802501848448,13.0957557990605,366003325,,yes,,,,,,,,,,,,,,
77.580203014588,13.0959904350411,366003316,,yes,,,,,,,,,,,,,,
77.580361114588,13.0958293350411,366003312,,yes,,,,,,,,,,,,,,
77.5823693003541,13.0958048001185,363605720,,yes,,,,,,,,,,,,,,
77.5826021,13.09571425,345909044,,yes,,,,,,,,,,,,,,
77.5826277673881,13.0957970017502,363605738,,yes,,,,,,,,,,,,,,
77.58251465,13.0960369,363605736,,yes,,,,,,,,,,,,,,
77.5822356753311,13.0963499493575,363605725,,yes,,,,,,,,,,,,,,
77.5824270912126,13.0961014997738,363605724,,yes,,,,,,,,,,,,,,
77.5826080961112,13.0961921995846,363605731,,yes,,,,,,,,,,,,,,
77.57995645,13.09715125,366918894,,yes,,,,,,,,,,,,,,
77.582747,13.0957266,345909019,,yes,,,,,,,,,,,,,,
77.5827426660458,13.0958382128122,363605721,,yes,,,,,,,,,,,,,,
77.5829544,13.09573855,345902921,,yes,,,,,,,,,,,,,,
77.58304065,13.09576375,345902998,,yes,,,,,,,,,,,,,,
77.5828287,13.0959177,363605735,,yes,,,,,,,,,,,,,,
77.5827190452699,13.0959695997784,363605732,,yes,,,,,,,,,,,,,,
77.5827768,13.0960362,363605729,,yes,,,,,,,,,,,,,,
77.5828651551832,13.0959823508584,363605737,,yes,,,,,,,,,,,,,,
77.5828866446619,13.0960389491769,363605734,,yes,,,,,,,,,,,,,,
77.58321045,13.09574505,345902984,,yes,,,,,,,,,,,,,,
77.5830837995169,13.0958116996397,363605730,,yes,,,,,,,,,,,,,,
77.5832646,13.09585185,363605728,,yes,,,,,,,,,,,,,,
77.5831504095217,13.0959088735146,363605740,,yes,,,,,,,,,,,,,,
77.5831842561466,13.0960201502669,363605726,,yes,,,,,,,,,,,,,,
77.5833306949218,13.0959626497743,363605733,,yes,,,,,,,,,,,,,,
77.5827621973486,13.0960934490813,363605727,,yes,,,,,,,,,,,,,,
77.5828018163825,13.0961654399379,363605723,,yes,,,,,,,,,,,,,,
77.5832663309876,13.0961323059259,363605722,,yes,,,,,,,,,,,,,,
77.583776247069,13.0957552997557,345902883,,yes,,,,,,,,,,,,,,
77.58406745,13.095795,345902830,,yes,,,,,,,,,,,,,,
77.58398765,13.09619565,366918954,,yes,,,,,,,,,,,,,,
77.58336405,13.0964918,366918895,,residential,,,,,,,,,,,,,,
77.58358335,13.0965284,366918952,,residential,,,,,,,,,,,,,,
77.5839163,13.0964539,366918948,,yes,,,,,,,,,,,,,,
77.58407365,13.0963898,366918919,,yes,,,,,,,,,,,,,,
77.5837231554855,13.0968736502127,366918887,,yes,Suzuki,,motorcycle,,,ಸುಜುಕಿ,,,,,,,,
77.5835617,13.0969396,366918908,,yes,,,,,,,,,,,,,,
77.5837820030588,13.0969918501731,366918911,,yes,,,,,,,,,,,,,,
77.5843442,13.0957533,345902864,,yes,,,,,,,,,,,,,,
77.5844735054712,13.0957276000862,345902942,,yes,,,,,,,,,,,,,,
77.5845655700805,13.0960131502308,366918934,,yes,,,,,,,,,,,,,,
77.5843416184692,13.0963016502121,366918898,,yes,,,,,,,,,,,,,,
77.5846249661913,13.096213850194,366918902,,yes,,,,,,,,,,,,,,
77.584195143554,13.0969929498261,366918912,,yes,,,,,,,,,,,,,,
77.5844462450993,13.0969122498678,366918920,,yes,,,,,,,,,,,,,,
77.5844916449172,13.0970541998645,366918962,,yes,,,,,,,,,,,,,,
77.58436605,13.0972877,366918910,,yes,,,,,,,,,,,,,,
77.5844841880495,13.0974237824122,366918880,,yes,Peoples,,clothes,,,,,,,,,,,
77.5845260520724,13.0975866501594,366918878,,yes,Home Style,,interior_decoration,,,,,,,,,,,
77.5846647983425,13.097989743386,366918960,,residential,,,,,,,,,,,,,,
77.584765803169,13.0981273501397,366918882,,yes,Reliance Fresh,,supermarket,,,ರಿಲಾಯನ್ಸ್ ಫ್ರೆಶ್,,,,,,,,
77.58495955,13.0982115,366918922,,yes,,,,,,,,,,,,,,
77.5849891290316,13.0982720488012,366918956,,yes,,,,,,,,,,,,,,
77.5848036,13.09830475,366918931,,yes,,,,,,,,,,,,,,
77.5824383371671,13.0996174127816,370526903,b2 54,house,,,,,,,,Bangalore,8th B Main,,,,,
77.5838595562924,13.0993997500981,421000938,,yes,,,,,,,,,,,,,,
77.5839430058307,13.0993557002325,421000936,,yes,,,,,,,,,,,,,,
77.5838626541152,13.0996185001685,420772119,,yes,,,,,,,,,,,,,,
77.5839449850671,13.0995599997981,421000932,,yes,,,,,,,,,,,,,,
77.5843454487639,13.0990655499826,420772131,,yes,,,,,,,,,,,,,,
77.5846732447595,13.0989010498734,420772126,,yes,,,,,,,,,,,,,,
77.5844416081778,13.0990219000971,420772122,,yes,,,,,,,,,,,,,,
77.58453145,13.098969,420772127,,yes,,,,,,,,,,,,,,
77.5849935920411,13.098572249879,366918899,,yes,,,,,,,,,,,,,,
77.5850281397722,13.0987261496906,366918879,,yes,Mom & Me,,clothes,,,,,,,,,,,
77.5851452072711,13.0984962089178,366918891,,yes,,,,,,,,,,,,,,
77.5850874539344,13.0988933501221,366918885,,yes,State Bank of India,bank,,,,ಭಾರತೀಯ ಸ್ಟೇಟ್ ಬ್ಯಾಂಕ್,,,,,en:State Bank of India,Q1340361,SBI,
77.5842803528227,13.0992798912095,420772124,,yes,,,,,,,,,,,,,,
77.5845219,13.0991892,420772129,,yes,,,,,,,,,,,,,,
77.58463805,13.09914395,420772120,,yes,,,,,,,,,,,,,,
77.5844159389786,13.099823000043,369135176,,yes,National Public School Yelahanka,school,,,,ರಾಷ್ಟ್ರೀಯ ಸಾರ್ವಜನಿಕ ಶಾಲೆ ಯಲಹಂಕ,,,,,,,,
77.5847803943237,13.0994669792809,369135177,,yes,New Town Club,community_centre,,,,,,,,,,,,
77.5832698,13.10014535,421000935,,yes,,,,,,,,,,,,,,
77.5834303,13.0998705,421000937,,yes,,,,,,,,,,,,,,
77.5829870598238,13.1007737494157,421000934,,yes,,,,,,,,,,,,,,
77.5829334,13.10085995,421000933,,yes,,,,,,,,,,,,,,
77.5851000509118,13.1011893761365,420763460,,yes,,,,,,,,,,,,,,
77.5851309282792,13.101014499346,420764992,,yes,,community_centre,,,,,,,,,,,,
77.5746158,13.10367845,346190922,,yes,,,,,,,,,,,,,,
77.5747218,13.1036804,346191053,,yes,,,,,,,,,,,,,,
77.5744886,13.10377955,346190787,,yes,,,,,,,,,,,,,,
77.574610972884,13.1037907509814,346190822,,yes,,,,,,,,,,,,,,
77.5745355228199,13.1039422008441,346191089,,yes,,,,,,,,,,,,,,
77.5746416261538,13.1039277490541,346190901,,yes,,,,,,,,,,,,,,
77.57475705,13.1039297,346190996,,yes,,,,,,,,,,,,,,
77.574821,13.1037616,346190710,,yes,,,,,,,,,,,,,,
77.574898775183,13.1037175003659,346190828,,yes,,,,,,,,,,,,,,
77.5749751755607,13.103708349605,346190721,,yes,,,,,,,,,,,,,,
77.5750491255799,13.1037042495561,346190838,,yes,,,,,,,,,,,,,,
77.5751371743715,13.1037085005438,346191131,,yes,,,,,,,,,,,,,,
77.5748825740054,13.1039226509017,346190813,,yes,,,,,,,,,,,,,,
77.5750328237284,13.1039218007633,346191112,,yes,,,,,,,,,,,,,,
77.5751936254559,13.103714000571,346190952,,yes,,,,,,,,,,,,,,
77.5755288013768,13.103909900107,346191114,,yes,,,,,,,,,,,,,,
77.5757916266105,13.1037727489752,346190853,,yes,,,,,,,,,,,,,,
77.5767755597152,13.1032421005059,366003309,,yes,Xtreme Sports,,sports,,,,,,,,,,,
77.5770401,13.1032527,366003308,,yes,Sri Krishna Upahaar,restaurant,,,,,,,,,,,,indian
77.5760297248258,13.1033382496516,366003307,,yes,Arabian Mehek,restaurant,,,,,,,,,,,,"indian, arabian"
77.5759265021557,13.1036441499539,346191136,,yes,,,,,,,,,,,,,,
77.57601305,13.10368675,346190866,,yes,,,,,,,,,,,,,,
77.5761086995509,13.1037024000109,346190711,,yes,,,,,,,,,,,,,,
77.5761765,13.1037056,346191036,,yes,,,,,,,,,,,,,,
77.57594205,13.10379085,346190743,,yes,,,,,,,,,,,,,,
77.5759555503653,13.1038907000142,346191102,,yes,,,,,,,,,,,,,,
77.5763301250874,13.1036483485874,346190726,,yes,,,,,,,,,,,,,,
77.5762652517206,13.103686800033,346190832,,yes,,,,,,,,,,,,,,
77.5764247220883,13.1037556010012,346190870,,yes,,,,,,,,,,,,,,
77.5763441,13.10388455,346190898,,yes,,,,,,,,,,,,,,
77.57644595,13.1038625,346190980,,yes,,,,,,,,,,,,,,
77.576683889847,13.1033025008129,366003310,,yes,,,,,,,,,,,,,,
77.5770696245813,13.1035089010023,366003317,,yes,,,,,,,,,,,,,,
77.5766212253577,13.1036700483545,346190735,,yes,,,,,,,,,,,,,,
77.57668255,13.1036897,346190846,,yes,,,,,,,,,,,,,,
77.5767539544919,13.1035908569574,366003322,,yes,,,,,,,,,,,,,,
77.576779,13.1037666,346190943,,yes,,,,,,,,,,,,,,
77.5766497,13.1037735,346190804,,yes,,,,,,,,,,,,,,
77.576651485719,13.1038639388648,346191158,,yes,,,,,,,,,,,,,,
77.5766483,13.103938,346191020,,yes,,,,,,,,,,,,,,
77.5767888239084,13.1038472507034,346190843,,yes,,,,,,,,,,,,,,
77.5770701,13.10361515,366003320,,yes,,,,,,,,,,,,,,
77.5745642,13.1041078,346191100,,yes,,,,,,,,,,,,,,
77.574688475631,13.1040067725084,346191160,,yes,,,,,,,,,,,,,,
77.5745633746567,13.1041598988849,346190808,,yes,,,,,,,,,,,,,,
77.57467855,13.10413535,346191145,,yes,,,,,,,,,,,,,,
77.574796975925,13.1041934495014,346191095,,yes,,,,,,,,,,,,,,
77.5748353995676,13.1040114499845,346191030,,yes,,,,,,,,,,,,,,
77.5749990989207,13.1040051999633,346190775,,yes,,,,,,,,,,,,,,
77.5750732,13.10407085,346190916,,yes,,,,,,,,,,,,,,
77.5748911502667,13.1041914999948,346190799,,yes,,,,,,,,,,,,,,
77.5750228237096,13.1041272016115,346190810,,yes,,,,,,,,,,,,,,
77.57510185,13.1042126,346190988,,yes,,,,,,,,,,,,,,
77.57510555,13.10428445,346191124,,yes,,,,,,,,,,,,,,
77.57462055,13.1044029,346191045,,yes,,,,,,,,,,,,,,
77.5747724,13.10429415,346190933,,yes,,,,,,,,,,,,,,
77.5747589261847,13.1043984492212,346190999,,yes,,,,,,,,,,,,,,
77.5748286244971,13.1042880490619,346190789,,yes,,,,,,,,,,,,,,
77.5748905,13.10428955,346191134,,yes,,,,,,,,,,,,,,
77.5751078738537,13.1043698510907,346191025,,yes,,,,,,,,,,,,,,
77.5752990214671,13.1039759006755,346190784,,yes,,,,,,,,,,,,,,
77.57583365,13.1040398,346191067,,yes,,,,,,,,,,,,,,
77.5758263,13.1041381,346190942,,yes,,,,,,,,,,,,,,
77.5754602,13.10441645,346191105,,yes,,,,,,,,,,,,,,
77.5755715066831,13.1043587505331,346190776,,yes,,,,,,,,,,,,,,
77.5759583767035,13.103952548833,346190774,,yes,,,,,,,,,,,,,,
77.5759504,13.10414105,346191074,,yes,,,,,,,,,,,,,,
77.5758437005547,13.1042623000082,346190755,,yes,,,,,,,,,,,,,,
77.5760449,13.10426185,346190978,,yes,,,,,,,,,,,,,,
77.5764514756041,13.1039508992471,346190889,,yes,,,,,,,,,,,,,,
77.5763522244444,13.104101100504,346190705,,yes,,,,,,,,,,,,,,
77.5764590263236,13.1041136992658,346190861,,yes,,,,,,,,,,,,,,
77.57622,13.10412575,346190714,,yes,,,,,,,,,,,,,,
77.576219939654,13.1042642466547,346191156,,yes,,,,,,,,,,,,,,
77.5762802250809,13.1042336494494,346191032,,yes,,,,,,,,,,,,,,
77.5763606,13.1042369,346191058,,yes,,,,,,,,,,,,,,
77.57650425,13.10421695,346190750,,yes,,,,,,,,,,,,,,
77.57665435,13.10402125,346191054,,yes,,,,,,,,,,,,,,
77.57665695,13.10409795,346190698,,yes,,,,,,,,,,,,,,
77.576786349457,13.1040042499844,346190707,,yes,,,,,,,,,,,,,,
77.57680325,13.1040884,346190854,,yes,,,,,,,,,,,,,,
77.57665915,13.1041838,346190745,,yes,,,,,,,,,,,,,,
77.5766461993442,13.1042706000247,346190935,,yes,,,,,,,,,,,,,,
77.5768050244126,13.1042605506886,346190831,,yes,,,,,,,,,,,,,,
77.57661075,13.10442295,346191055,,yes,,,,,,,,,,,,,,
77.5766551,13.1044166,346190956,,yes,,,,,,,,,,,,,,
77.5767674760992,13.1044797502668,346191137,,yes,,,,,,,,,,,,,,
77.5855622495133,13.0958462001363,369134894,,yes,,,,,,,,,,,,,,
77.5858325215664,13.0957511936335,369134893,,yes,,,,,,,,,,,,,,
77.5865705776606,13.0957286507234,369134896,,yes,,,,,,,,,,,,,,
77.5865648940356,13.095848100216,369134900,,yes,,,,,,,,,,,,,,
77.58655065,13.09595055,369134895,,yes,,,,,,,,,,,,,,
77.5858680692112,13.0964217356176,369134901,,yes,,school,,,,,,,,,,,,
77.5868352988859,13.0959994000146,369134899,,yes,,,,,,,,,,,,,,
77.58935675,13.09806525,363612262,,yes,,,,,,,,,,,,,,
77.5894618565675,13.0981074309981,363612224,,yes,,,,,,,,,,,,,,
77.5895684094777,13.0981882498468,363612246,,yes,,,,,,,,,,,,,,
77.5901457320337,13.0976947949306,238921850,,yes,Convention Hall,,,,,,,,,,,,,
77.5897673867523,13.0978515208962,363612223,,yes,,,,,,,,,,,,,,
77.5897450423507,13.0980025001669,363612278,,yes,,,,,,,,,,,,,,
77.5899342301934,13.0980149341676,363612235,,yes,,,,,,,,,,,,,,
77.5900861929645,13.0980266781223,363612282,,yes,,,,,,,,,,,,,,
77.5896092655381,13.0983258501836,363612258,,yes,,,,,,,,,,,,,,
77.5897093599603,13.0983514232892,363612291,,yes,,,,,,,,,,,,,,
77.58958045,13.0984001,363612274,,yes,,,,,,,,,,,,,,
77.5896750003085,13.0984428508202,363612271,,yes,,,,,,,,,,,,,,
77.5897957,13.0984094,363612249,,yes,,,,,,,,,,,,,,
77.5899713993329,13.098165299959,363612261,,yes,,,,,,,,,,,,,,
77.5900126333094,13.0981259497528,363612277,,yes,,,,,,,,,,,,,,
77.5901819708237,13.0982464167649,363612214,,yes,,,,,,,,,,,,,,
77.5901151501152,13.0983274999923,363612255,,yes,,,,,,,,,,,,,,
77.590665,13.0980391,363612247,,yes,,,,,,,,,,,,,,
77.5905871,13.09810705,363612250,,yes,,,,,,,,,,,,,,
77.5858649957135,13.0986745154764,369135178,,yes,,,,,,,,,,,,,,
77.5870916975695,13.0992177210872,421000939,,yes,,,,,,,,,,,,,,
77.58617035,13.1011001995981,335084498,,yes,,,,reservoir_covered,,,,,,,,,,
77.5895026508482,13.098848429722,363612292,,yes,,,,,,,,,,,,,,
77.589288259244,13.0990365001726,363612245,,yes,,,,,,,,,,,,,,
77.5895521000277,13.0990692505512,363612273,,yes,,,,,,,,,,,,,,
77.5889749576031,13.0992812003579,363612227,,yes,,,,,,,,,,,,,,
77.5890815355794,13.0992066516449,363612226,,yes,,,,,,,,,,,,,,
77.5891689995084,13.0991634499867,363612280,,yes,,,,,,,,,,,,,,
77.5889100048605,13.099327033112,363612287,,yes,,,,,,,,,,,,,,
77.5890434052869,13.099446156527,363612238,,yes,,,,,,,,,,,,,,
77.589279644405,13.0992346653789,363612237,,yes,,,,,,,,,,,,,,
77.5893785572699,13.0991717271549,363612289,,yes,,,,,,,,,,,,,,
77.5889237678767,13.0995506464383,363612228,,yes,,,,,,,,,,,,,,
77.58989695,13.0984736,363612253,,yes,,,,,,,,,,,,,,
77.5897509087352,13.0985488985149,363612220,,yes,,,,,,,,,,,,,,
77.5899579498495,13.098570450063,363612222,,yes,,,,,,,,,,,,,,
77.5899196120012,13.0986932875865,363612284,,yes,,,,,,,,,,,,,,
77.5899905950294,13.0987359022134,363612294,,yes,,,,,,,,,,,,,,
77.5902773357442,13.0984728001627,363612265,,yes,,,,,,,,,,,,,,
77.5913904534983,13.0973920500853,363612296,,yes,,fuel,,,,,,,,,,,,
77.5918735533541,13.0977436999201,363612268,,yes,,bus_station,,,,,,,,,,,,
77.59179195,13.09781515,363612256,,yes,,bus_station,,,,,,,,,,,,
77.5926128853524,13.0973455499322,133734292,,yes,N E S Office,public_building,,,,,,,,,,,,
77.58687135,13.1028498,487589140,,yes,,,,,,,,,,,,,,
77.5878235755925,13.1032728500569,487589139,,yes,,,,,,,,,,,,,,
77.588909874347,13.1020972999388,487589137,,yes,,,,,,,,,,,,,,
77.58992375,13.10229585,487589136,,yes,,,,,,,,,,,,,,
77.5887677007053,13.1033407499974,487589138,,yes,,,,,,,,,,,,,,
77.59095375,13.1024944,487589135,,yes,,,,,,,,,,,,,,
